4090,434014
4230,254907
4374,481884
4330,089867
4336,899280
4318,083713
4331,494366
4323,641789
4446,379147
4443,854458
4508,658593
4495,901957
4544,443893
4544,334303
4466,172945
4520,507759
4699,395892
4568,662871
4366,858674
4217,364905
4445,356344
4350,416849
4142,678398
4304,974434
4180,342147
4248,624432
4345,085324
4287,003136
4408,245837
4668,692520
4937,229014
5151,383504
5298,826667
5353,972605
5353,134160
5332,233050
5394,118633
5502,435482
5447,811541
5630,589300
5877,759896
5694,688296
5920,432648
5326,817779
5680,904699
5291,947972
5190,504731
5398,010746
5580,921154
5468,976815
5341,795088
5456,487492
5581,117319
5692,760771
5941,024753
5993,216703
6044,440656
6301,059174
6251,088449
6263,348266
6220,658834
6084,580398
5798,921763
5980,577195
6180,910400
5901,585870
5540,345532
5254,365728
5098,828678
5083,293602
4985,215862
5074,194445
5208,006616
5341,208042
5335,261364
5264,012263
5212,120399
5189,415522
5560,204313
5763,507702
5858,986432
5925,671522
5932,712853
5951,285943
5920,963738
5752,702092
5628,288726
5826,740671
6122,086988
5946,842613
5599,015096
5359,100843
5132,527831
4882,106073
4676,186792
4686,506722
4742,922642
4923,380802
4902,253215
4863,607309
4993,538144
5275,284741
5759,535450
6009,214050
6106,367855
6241,241574
6171,017412
5960,108676
5847,193179
5721,551777
5639,242224
5801,236808
6244,080476
6103,828417
5830,541861
5514,913112
5338,137487
5120,117399
4946,996108
4739,230428
4764,714547
4836,228978
4701,090511
4674,460235
4545,792831
4626,514036
4750,841119
5028,480018
5253,897000
5393,963500
5365,355619
5332,448304
5259,661641
5260,881424
5269,910246
5456,447341
5781,970885
5709,211866
5382,330873
5165,561442
5057,320196
4856,534167
4829,369400
4824,743833
4855,634829
4828,788568
4829,455115
4786,498304
4756,731059
4776,159261
5001,348934
5237,922719
5446,671006
5500,870591
5453,117500
5517,253791
5507,295946
5473,692183
5462,620782
5587,164505
5925,140186
5912,057019
5647,580388
5405,574983
5221,412849
4955,921594
4809,412424
4978,489791
4943,057044
4963,635451
4929,284452
4896,875345
5060,126706
5538,400271
5996,109811
6231,116252
6211,646101
6207,178018
6151,087651
6186,475189
6274,294372
6125,087291
5828,217503
6023,012668
6328,585558
6153,639259
5825,269761
5546,834164
5466,615434
5227,400534
4996,706310
5159,617558
5186,368070
5164,403533
5066,815867
4984,086525
5035,108194
5392,358443
5893,633133
6085,563138
6150,701205
6199,092125
6144,610247
5992,374950
5950,247751
5838,231878
5715,308902
5859,523264
6150,975773
5925,677825
5623,188783
5276,215824
5043,852063
4821,507204
4634,593682
4583,939927
4631,081121
4564,008509
4464,907263
4387,560578
4506,656124
4960,406564
5560,703633
5780,888763
5774,442025
5831,543543
5808,702451
5734,227157
5705,053209
5651,682343
5571,196282
5753,463105
6025,841717
5786,443132
5447,305134
5173,536382
4978,837832
4759,101346
4563,667989
4539,638241
4584,676296
4566,362208
4428,667528
4370,636355
4444,073522
4888,703361
5446,700552
5671,771534
5661,731815
5722,623822
5656,621715
5537,468962
5527,212703
5414,955106
5324,646111
5527,316397
5860,177251
5662,195164
5341,686287
5113,376718
4951,203216
4742,887179
4568,268018
4590,351108
4665,183752
4633,921269
4655,099604
4645,079842
4686,162692
5092,642426
5588,240777
5801,593213
5765,266840
5776,368437
5704,901163
5577,455035
5482,686276
5317,095607
5222,756061
5414,480199
5882,650472
5735,119120
5143,834215
4822,927998
4704,924950
4467,309913
4391,656905
4493,189462
4343,310083
4307,038110
4238,711214
4183,203896
4234,655078
4157,196480
4442,700325
4716,034614
5026,566130
5052,578249
5035,106994
5230,606067
5050,934536
4934,711799
4898,801282
5098,805388
5356,578602
5254,631133
4887,157594
4821,444046
4696,385323
4630,926156
4550,503194
4444,936528
4425,251306
4293,592133
4188,426741
4116,013740
4077,145950
4143,435260
4290,679726
4531,834958
4702,007315
4770,280714
4815,088231
4759,302491
4720,430999
4719,735412
4623,621729
4959,137801
5331,559549
5168,282115
4903,772490
4719,282218
4519,578774
4325,672108
4257,635718
4440,598620
4699,710141
4859,735672
4798,202864
4705,658020
4706,119219
5081,619541
5614,898485
5758,062747
5832,424298
5932,657626
5912,693473
5977,150593
5953,072631
5838,142707
5568,937936
5738,266621
6048,497603
5854,873410
5527,802196
5271,973220
5138,241756
5103,204871
4849,332754
4934,563743
4921,207408
4925,345519
4827,698329
4775,946947
4834,116101
5301,940001
5788,316462
5988,992695
6049,225037
6016,759889
5938,549727
5851,613587
5882,179019
5693,509563
5618,384253
5828,043904
6224,426228
5990,530270
5613,977702
5342,663145
5268,674822
5059,927496
4928,445867
4991,513245
4920,359279
4920,164581
4993,217862
4948,199855
5066,545313
5283,271970
5756,347168
5978,286582
5870,819539
5970,275199
5839,910245
5745,234759
5655,702173
5578,829075
5476,973452
5661,349196
6007,621198
5759,850037
5441,584660
5221,779391
5008,748574
4892,304977
4729,443263
4762,359523
4835,031363
4816,532670
4754,689616
4678,334614
4735,764124
5179,537948
5781,115278
5981,155077
5944,900433
5921,139051
5832,376435
5815,336863
5762,925117
5628,102794
5493,074124
5658,337717
6001,958987
5810,742613
5540,137488
5284,237615
5136,752502
4926,909629
4781,038242
4885,114332
4963,453910
5039,695692
5016,035487
4945,828688
4891,658589
5154,710051
5698,267066
5855,713197
6010,472237
5939,857529
5766,281562
5655,844892
5709,352633
5540,832259
5337,930744
5484,428993
5718,946703
5515,484183
5199,386609
5015,292218
4945,056145
4748,031506
4613,213696
4688,501408
4652,896423
4639,642024
4557,149673
4502,440190
4469,841470
4409,876398
4541,574243
4712,586097
4860,828924
4987,210138
5012,476856
5012,218525
4981,394278
4934,896721
4775,305082
4910,578031
5176,794172
5049,081568
4758,373889
4561,312495
4375,685568
4261,629046
4207,802799
4328,529822
4316,521606
4327,439039
4466,244740
4449,836124
4357,634605
4458,470048
4595,323527
4883,288657
5053,570201
5361,711293
5466,068592
5565,902608
5566,036238
5532,431940
5400,023577
5515,483537
5692,290481
5460,743411
5131,451471
4999,131312
4946,810948
4738,402358
4704,286736
5078,564975
5214,260936
5274,251626
5341,339483
5303,532815
5342,212572
5322,174850
5528,394852
5722,091149
5894,535389
5893,866210
5878,483808
5974,944124
6144,703945
5910,805206
5671,960083
5696,168875
5853,592868
5621,450963
5394,808292
5245,791856
5112,673837
4870,314246
4895,048284
4984,245946
5220,950584
5286,803981
5240,118920
5129,730329
4963,850765
5199,914056
5539,039544
5673,630319
5796,807486
6006,982953
6006,774925
5982,106379
5841,608979
5558,685741
5319,441767
5436,655016
5803,865089
5559,532120
5215,252309
5084,286642
4986,919211
4817,422397
4848,425608
5140,287341
5284,025136
5246,999876
5203,030977
5069,038182
5203,805717
5260,932985
5528,641267
5717,678672
5798,092376
5813,874482
5875,672219
5935,429540
6000,742721
5754,820047
5609,335606
5706,567798
5910,123006
5721,085701
5428,776237
5224,311287
5148,156107
4833,798172
4647,807392
4723,193632
4660,853921
4627,841318
4474,813683
4393,096971
4453,233777
4779,437747
5293,352908
5379,059895
5399,157224
5494,815490
5376,215940
5298,899221
5228,571868
5163,822180
5012,850878
5105,641260
5410,378107
5304,679661
5023,957273
4737,556734
4491,092764
4233,829480
4075,064219
4199,952080
4145,780411
4227,142285
4250,739473
4295,714035
4382,350945
4795,495743
5276,995271
5470,757315
5523,616424
5646,493229
5692,538008
5832,995833
5819,539012
5576,708622
5519,816228
5503,093208
5745,088432
5558,004636
5190,021054
5195,010885
5447,200360
4792,418448
4523,900466
4557,766038
4553,325404
4347,374463
4174,370958
4042,820906
4056,948685
4136,960965
4333,581851
4526,769201
4683,944253
4823,512216
4912,773138
5080,884173
5122,995719
4824,809841
4722,596683
4765,774284
5076,521358
4986,382073
4767,263852
4526,936901
4338,061364
4309,354278
4205,610492
4127,371198
4087,596717
4056,466041
4029,437403
3994,299232
3949,927289
3997,452102
4135,442369
4423,841499
4749,112924
5122,340477
5323,575596
5335,483437
5515,834877
5049,596872
4828,920930
4832,646989
5145,499170
5055,965548
4821,555587
4621,438668
4594,864227
4550,566225
4405,707426
4594,612930
4563,347539
4380,916139
4299,451594
4261,554536
4323,236454
4923,590003
5392,643047
5395,675948
5477,757114
5451,957381
5443,827570
5295,455513
5246,143179
5109,379149
4964,628072
5065,820213
5456,970996
5269,465458
4949,261973
4658,929139
4395,738659
4213,186726
4015,124332
3961,344094
3899,968635
3847,958892
3817,174278
3848,764662
3945,860976
4456,200808
4996,506989
5172,342780
5207,792177
5322,765064
5390,918773
5321,662597
5247,527575
5220,438317
5084,066730
5220,726595
5501,218454
5320,179427
4966,318829
4754,226629
4551,358616
4441,187614
4239,534386
4410,048761
4385,732643
4297,032449
4296,814134
4153,951611
4283,842150
4715,797217
5330,056974
5496,669502
5513,814103
5660,325137
5696,952797
5771,112110
5845,294270
5886,893261
5912,128577
5879,294643
5962,253583
5839,224366
5662,164904
5622,383208
5479,509962
5200,781250
4859,261613
4924,843782
4878,378537
4740,438139
4645,179462
4550,282115
4667,737724
5184,329800
5688,771603
5761,219202
5835,177797
6023,517412
6041,621787
6050,771387
6031,778148
5818,295874
5565,729501
5490,339234
5802,486516
5535,101017
5229,036905
5020,858858
4793,460330
4582,013583
4404,508355
4507,271376
4564,609156
4484,640588
4500,255454
4417,300960
4383,609688
4642,378677
5211,119332
5436,262513
5510,997647
5552,328765
5557,776094
5609,436676
5596,528333
5541,430134
5503,695527
5479,450552
5698,854336
5580,011022
5339,544878
5262,453548
4955,373771
4734,399371
4782,023022
4880,739024
4689,676900
4849,385441
4713,409268
4718,632138
4630,513998
4645,459950
4788,810003
4979,943688
4794,214923
4852,810804
4896,851399
5023,781382
5160,704458
5083,665623
4799,074457
4697,338784
4923,043645
4891,540312
4950,694646
4912,414194
4623,892741
4248,992521
4149,424068
4319,147812
4647,959433
4753,458461
4790,039572
4714,043689
4658,628878
4692,458350
4846,799863
5155,520337
5373,280501
5560,276485
5589,820225
5540,349195
5634,722425
5466,485463
5394,590257
5591,787081
5889,215969
5540,596528
5335,646344
5084,520739
5041,399501
4756,005334
4673,870012
4923,539606
4935,174514
4949,643110
4934,019216
4879,878039
4907,905618
4845,376191
5126,062846
5384,535719
5387,497770
5434,076395
5594,872894
5544,619919
5588,853608
5441,517028
5356,224309
5393,672438
5718,053774
5546,560349
5178,092017
4940,692848
4790,181429
4562,719609
4472,162530
4729,381053
4808,467058
4980,996552
4984,842394
5074,653833
4826,474764
4920,418060
5247,659334
5428,350720
5447,840668
5576,537844
5632,779420
5581,753041
5600,513902
5456,313203
5334,534301
5380,949114
5702,513165
5489,807642
5200,189252
5033,773183
4946,118734
4765,680833
4661,327570
4909,679807
4860,842663
4751,524988
4567,029556
4323,200041
4453,942427
4869,294525
5312,485180
5504,013464
5510,298368
5505,427723
5505,163239
5443,332890
5363,003830
5219,396143
5076,210834
5114,467965
5546,006947
5502,416407
5226,464463
4962,960466
4759,181140
4571,225882
4340,398684
4415,000586
4434,410265
4349,629253
4214,096814
4185,810611
4240,695022
4778,279178
5316,710761
5468,110872
5444,311670
5406,691595
5365,293140
5225,580264
5203,904969
5132,868078
5055,010125
5146,359932
5497,026722
5453,730142
5169,368942
4923,044793
4718,926173
4461,951100
4359,381787
4487,403719
4537,480546
4619,477075
4668,793910
4695,979281
4864,027067
5145,534335
5513,372745
5710,619586
5822,278840
5899,120274
5892,732578
5790,294029
5772,781802
5681,084926
5494,311441
5584,441963
5942,803989
5871,553204
5461,571706
5175,279137
5007,992174
4887,747601
4624,947357
4692,835630
4780,434280
4651,869204
4536,442482
4442,772937
4393,033410
4497,713267
4757,754384
4970,881314
5223,708846
5380,289692
5418,195855
5376,829825
5356,222369
5247,640763
5182,626445
5303,622094
5531,929639
5491,148811
5187,975432
4955,553432
4849,530950
4690,197096
4565,275091
4600,908205
4672,556814
4661,292313
4678,547011
4749,582733
4653,583938
4633,281950
4762,124930
4960,482662
5059,524861
5183,538222
5224,786261
5272,763073
5236,053517
5180,001047
5112,681901
5245,034845
5584,037958
5487,182294
5143,358483
4889,297382
4681,113793
4527,198159
4363,711347
4183,619034
4133,912255
4078,117944
4091,259862
4063,130265
4078,984861
4521,184596
5082,443185
5328,708751
5441,670327
5554,041882
5564,197037
5532,410538
5533,394741
5408,065593
5244,415025
5194,138098
5516,690595
5449,844446
5091,727237
4804,513252
4618,770612
4366,683145
4172,419847
4194,549485
4213,256655
4212,577170
4196,309014
4148,028881
4184,780685
4503,880227
5022,474044
5216,684568
5306,138236
5391,696517
5411,202849
5415,102839
5348,404560
5127,368948
4910,392547
4948,326817
5294,617888
5281,830219
4970,046395
4690,125409
4463,756931
4231,368504
4086,026400
4143,756135
4174,795223
4202,834111
4133,548309
4050,707225
4064,078102
4408,885580
4875,971941
5112,789204
5212,424776
5354,155256
5336,153416
5261,579179
5251,800303
5133,299124
5001,958457
4994,107432
5280,253167
5214,411103
4882,617671
4610,560492
4432,604440
4207,555579
4014,077806
4148,210415
4323,325313
4307,998216
4216,271293
4013,793290
3997,079715
4358,487041
4831,331398
5072,681671
5181,394702
5280,958253
5245,306506
5170,861173
5156,434357
5070,658400
4978,656428
4948,774994
5227,064206
5171,151056
4874,614739
4607,111178
4432,347799
4191,406321
4136,757026
4142,636066
4123,624397
4142,127793
4010,502577
4000,786988
4023,195409
4293,560546
4751,641609
4962,285251
5063,745347
5173,177003
5221,867482
5062,771438
4952,057562
4819,330792
4772,357576
4782,356915
5053,139442
5044,107204
4741,738367
4450,621054
4363,038791
4220,334066
4098,312547
4246,583387
4147,824641
4041,688493
3891,758106
3796,357180
3800,462655
3829,988585
4112,850341
4315,579264
4445,469815
4540,274538
4552,236358
4467,390219
4408,359112
4321,888582
4208,250517
4210,096653
4452,775461
4622,087704
4423,485326
4200,268047
4089,431512
3835,470052
3743,794886
3816,840407
3823,449083
3862,024391
3842,964848
3800,799426
3933,113235
3853,757845
4240,727947
4484,133237
4733,231391
5019,837397
5055,092314
5085,874238
5120,556162
5068,071239
4898,656138
4708,656753
4981,929528
4943,021663
4601,175672
4470,982493
4369,620166
4214,271360
4094,108057
4244,017122
4362,076888
4239,929241
3995,076917
3996,748470
4090,652081
4507,918835
4932,737916
5159,940244
5260,889781
5312,448280
5345,395135
5313,769465
5224,074189
5158,598007
4967,609302
4919,871332
5232,923113
5184,042940
4883,350946
4577,286888
4440,154763
4289,989656
3999,025031
3958,770033
4031,872851
3941,550380
3960,205945
3923,036120
4010,175699
4442,683312
4958,603433
5116,566040
5141,238129
5194,972535
5182,973640
5136,876237
5153,556095
5042,041545
4902,502406
4908,622350
5211,922278
5222,503999
4959,715358
4716,932769
4545,595049
4334,815903
4180,822203
4373,908260
4287,549883
4355,074414
4322,574233
4222,993562
4388,385291
4766,138455
5125,456777
5317,382851
5326,581318
5322,839538
5244,781591
5189,895426
5122,992083
4930,721453
4823,551186
4859,293435
5211,757153
5247,910220
4873,956208
4666,632523
4624,874520
4404,168280
4351,649527
4481,679366
4614,969092
4381,702709
4211,894215
4027,650339
4097,719450
4413,127342
4886,558519
5078,435884
5154,608554
5179,262553
5266,814897
5243,607151
5120,524197
5012,900400
4908,044180
4936,178077
5162,790543
5168,126469
4929,374979
4806,675176
4813,277571
4735,751119
4813,515838
4967,066917
4998,523533
5061,043542
4963,588289
4866,486638
4941,925675
4970,159028
5150,850807
5424,402470
5481,793981
5607,342779
5728,864788
5648,020267
5487,015224
5335,059206
5052,179078
4990,622821
5181,656272
5143,707769
4768,637607
4504,136864
4441,692079
4125,261557
3915,089465
3926,247449
3857,446393
3838,508718
3676,175953
3643,884195
3600,212931
3765,721658
3969,954398
4194,821597
4340,550595
4578,220857
4562,048923
4639,959830
4747,884967
4563,984469
4289,588624
4268,454163
4528,183154
4871,426683
4288,422369
4134,404242
4032,023112
3825,714438
3807,288595
3838,105150
3817,809635
3774,428735
3739,947079
3579,518394
3571,062706
3703,824136
3894,147206
4160,309475
4332,868273
4460,879467
4515,310389
4648,188056
4656,915939
4613,756633
4410,206682
4494,963170
4798,830000
4827,455278
4552,876651
4268,537226
4053,835729
3899,337448
3858,467687
4025,037825
4019,083612
4028,908857
4016,118100
4018,437396
4034,354993
4463,854051
5026,681522
5301,758971
5236,994774
5280,042116
5262,382900
5132,989879
5107,645678
5084,932578
4949,099957
4923,662982
5206,413953
5249,763870
4930,569269
4684,822171
4516,828974
4261,104810
3997,961766
4175,451428
4149,499356
4122,629257
4036,636504
3979,031324
4097,724308
4594,381116
5103,027973
5270,340773
5358,406153
5386,434357
5342,470656
5280,897206
5275,834828
5171,920596
5068,485800
5082,960487
5332,830948
5306,767428
4982,852196
4763,964403
4605,017895
4400,185658
4193,123479
4336,555241
4304,649792
4182,370650
4046,517608
4108,559787
4272,905607
4686,171210
5085,653977
5238,052998
5301,761937
5339,971288
5282,091939
5290,445933
5250,582347
5158,640240
5031,817546
4979,458590
5256,883491
5342,291066
5090,722058
4776,913812
4611,871426
4380,710598
4217,652400
4562,738523
4525,372037
4525,324181
4605,643789
4710,383740
4837,131275
5089,374564
5631,688417
5928,720785
5921,943138
5776,785599
5697,023674
5611,298124
5650,965932
5441,660907
5361,904749
5395,792140
5310,073993
5338,845265
5028,433461
4892,081446
4765,086167
4496,840072
4261,050087
4396,503831
4304,684495
4163,957185
3997,491204
3929,615049
4098,532914
4520,939095
4971,132097
5161,881712
5211,496673
5220,828573
5165,388364
5084,823278
4975,540354
4771,562433
4691,305607
4685,260376
4796,766940
4847,351297
4549,147709
4258,193046
4104,560459
3901,260237
3746,370582
3777,244033
3804,630344
3764,170554
3685,276046
3619,618702
3581,403588
3619,163232
3861,401658
4146,488248
4315,923536
4412,546930
4457,129030
4475,987058
4481,568557
4338,981383
4167,851615
4199,157413
4398,438906
4516,690287
4244,164727
4056,912540
3906,351290
3766,185827
3651,841613
3706,462821
3752,943215
3628,320738
3523,538244
3453,966586
3391,020384
3415,583767
3631,239707
4012,492926
4219,248076
4430,659308
4495,984797
4502,173322
4579,543341
4573,986289
4428,518809
4388,050550
4652,505827
4685,571203
4465,545854
4205,854931
4146,688873
3864,895898
3639,014758
3845,617664
3752,190725
3661,143003
3565,508253
3524,902183
3871,418007
4300,191312
4828,628409
5114,233196
5169,284049
5195,293335
5333,418881
5245,878021
5240,183435
5014,077397
4868,975163
4844,099733
5040,387397
5162,061955
4933,782699
4673,392165
4499,039532
4254,512974
4036,927190
4203,053469
4186,379429
4164,173560
4067,757017
4017,671781
4237,639642
4707,532405
5192,065852
5364,085978
5472,552895
5592,279430
5554,001064
5420,403081
5439,058798
5337,506591
5179,540850
5088,943456
5343,433507
5318,725109
5072,049222
4774,774236
4587,593752
4395,513712
4174,452812
4441,514222
4365,731482
4284,465719
4080,911578
4067,395489
4090,696589
4567,956360
5000,554008
5241,551572
5356,642231
5428,546698
5473,887991
5390,704464
5453,991409
5317,529798
5090,321122
5123,113261
5323,495844
5232,543734
4911,130804
4648,207233
4531,489470
4308,199682
4096,549118
4308,910227
4417,482071
4415,410394
4341,851938
4270,568679
4228,400177
4575,859959
5045,458765
5313,739412
5349,995458
5441,249297
5422,723613
5489,507438
5413,184009
5108,064241
4914,789645
4891,843072
5110,443215
5163,023551
4965,597874
4735,343156
4615,988220
4352,918519
4254,665718
4362,920994
4458,433134
4424,184176
4352,743294
4341,373744
4338,266018
4694,279412
5187,676067
5388,617219
5433,621075
5572,172034
5655,444001
5525,236710
5340,117032
5159,337609
5024,870034
4841,079335
4875,101538
4989,915489
4764,856528
4564,450271
4515,849987
4339,992552
4267,413800
4197,525667
4244,767361
4213,265773
4208,516748
4206,337473
4206,657414
4347,972871
4450,987467
4742,313140
5043,441555
5570,948431
5918,140474
5989,609943
5867,518867
5765,949789
5074,126104
4880,497832
4933,551987
5082,471844
4772,634538
4650,903650
4676,494995
4521,119681
4394,199300
4293,216583
4317,531648
4326,786607
4248,681022
4298,683527
4346,078618
4444,459011
4623,058484
5050,560171
5244,183704
5787,166722
5931,971019
5990,672839
5982,006686
5853,055808
5314,991233
5022,483299
5097,092883
5159,069009
4982,896672
4788,866242
4568,900415
4300,746224
4164,324385
4402,584990
4474,627077
4251,607683
4109,629687
4017,790554
4200,032947
4693,891925
5139,216491
5372,289563
5426,744485
5546,509676
5587,696410
5543,058376
5496,363865
5427,635112
5195,014536
5263,772018
5486,815514
5399,104772
5069,851847
4778,178239
4548,396882
4288,469590
4067,342892
4091,510922
4139,121862
4008,478457
3873,024345
3813,505906
3949,645113
4497,845680
5016,315739
5183,156964
5284,725300
5369,663080
5359,167267
5301,393760
5240,389649
5187,013579
5064,255729
5061,430103
5243,301201
5187,564991
4960,520781
4774,203161
4469,425274
4191,991355
3967,692113
4064,275472
4081,374469
4015,980393
3904,277800
3868,347416
4018,579350
4458,584206
4879,484085
5112,931868
5179,089164
5277,457410
5202,395522
5085,821077
5056,652941
4978,637017
4865,113835
4904,573916
5152,002733
5193,305311
4938,861259
4747,471867
4466,376926
4260,957473
4092,684536
4058,459447
4139,056805
4100,535529
3940,306808
4098,052854
4273,964798
4526,155480
4970,220660
5159,158802
5244,618659
5336,927133
5307,089930
5240,040108
5453,625979
5382,862205
5191,778181
5023,235514
5189,967023
5113,871243
4934,146258
4607,865137
4398,662197
4126,899296
3964,064869
4224,534689
4521,988626
4441,756567
4364,651727
4273,088748
4410,006404
4586,712144
4839,925226
4989,473123
5045,934953
5173,671736
5367,342711
5261,310497
5147,758571
4889,813259
4696,485318
4638,572987
4835,593050
4817,615850
4635,116789
4503,490049
4400,152336
4174,328834
4012,594833
4005,007354
4032,459694
3982,899734
3910,743298
3829,408311
3797,950452
3808,325415
3918,152795
4280,992086
4593,997070
4711,690170
4785,164880
4843,594433
5254,116276
4991,687301
4719,855835
4496,143489
4617,244718
4637,111790
4457,788978
4248,916356
4085,264861
3961,651163
3779,732423
3833,863886
3807,642170
3757,941421
3691,060858
3712,504220
3563,563313
3809,320161
3983,887179
4145,657836
4407,381547
4706,175728
4898,980342
4778,037517
4739,376054
4611,283968
4264,247260
4156,075972
4471,759053
4629,974121
4451,697116
4214,559391
4098,914119
3955,207906
3879,868279
4050,889222
3997,590199
3991,064235
3893,142944
3808,688308
4021,751595
4438,244188
4946,685717
5140,231143
5169,736261
5247,481178
5294,292144
5143,631981
5136,951022
5003,169742
4883,393060
4889,446939
5171,032399
5177,411901
4965,283859
4700,357968
4539,070465
4326,654921
4226,779259
4248,442837
4287,820797
4167,274124
4137,883253
4082,797873
4110,120127
4610,604630
5078,238282
5196,184488
5233,003443
5286,975036
5309,184044
5245,788680
5269,556955
5074,156537
4990,581967
4961,469882
5214,420643
5182,436720
4912,421812
4627,218641
4376,617914
4082,485863
3863,655719
3985,265874
3935,763758
3790,821106
3668,352491
3613,833946
3787,150104
4327,043833
4787,489998
4973,378152
5012,123601
5062,660874
5055,226322
5045,347577
5049,267641
4879,681950
4739,629860
4686,055012
4915,142857
4912,153924
4743,169563
4436,924809
4225,608520
3971,941420
3790,152729
3785,667175
3817,523661
3790,890095
3854,891795
3803,256215
3848,821424
4257,793833
4750,234968
4946,141080
4920,317240
5010,630405
5000,636163
4909,525127
4924,572190
4781,144449
4644,974529
4698,095362
4941,504515
4996,198424
4814,650892
4573,613735
4352,602039
4222,560084
4085,823027
4475,788989
4373,082713
4324,805126
4232,049723
4142,973721
4134,673176
4459,269140
4887,691204
5077,730541
5155,721500
5292,886759
5245,880878
5146,063516
5034,243325
4786,432830
4671,140886
4703,526349
4803,731414
4743,417656
4582,217712
4361,999859
4206,744180
4007,413764
3831,610047
4104,687381
3904,181923
3820,224769
3696,480347
3637,060612
3613,689682
3744,149671
3986,095327
4373,155224
4878,848353
5305,116920
5430,188842
5498,925585
5471,946400
5383,491936
5208,580988
5016,627162
4561,230994
4460,889730
4300,297171
4086,419932
3971,390102
3861,758343
3914,351163
4040,026632
4223,659684
4228,686473
4026,762355
4030,706740
4131,261514
4160,970155
4188,611156
4410,291284
4553,172561
4618,120253
4575,604057
4521,850998
4429,193526
4384,590321
4386,949712
4413,708254
4490,678900
4441,466385
4297,502553
4052,464535
3884,395675
3735,173429
3598,334548
3737,555246
3710,132996
3609,203935
3438,601651
3456,305099
3629,355063
4040,990866
4579,651547
4831,578897
4939,764080
4994,047964
4964,605294
4922,624051
4889,260168
4742,288937
4603,572277
4581,981928
4821,543435
4793,027399
4642,174186
4440,786191
4217,291135
4034,376807
3820,214080
3757,354624
3735,003683
3761,208565
3704,621318
3665,762206
3776,740773
4113,563539
4590,043046
4813,728303
4948,012385
5046,193734
5069,532619
4973,977058
4964,708191
4955,944608
4646,212275
4593,953826
4741,562469
4759,843595
4719,893722
4511,037617
4246,586176
4047,269082
3861,799149
3851,362453
3776,750209
3646,596966
3730,052335
3765,956627
3955,239585
4102,728702
4455,683566
4696,490761
4778,825394
4819,275032
4778,074889
4711,417630
4588,485790
4472,413708
4382,513974
4404,085182
4549,492644
4623,456896
4481,057889
4227,264231
3987,769242
3727,018534
3511,283457
3474,288175
3430,757010
3534,846667
3480,348232
3392,079871
3353,934528
3358,363660
3605,973171
3936,797309
4105,071794
4308,795748
4417,660641
4381,918772
4367,538308
4398,261546
4412,287494
4431,468756
4431,925046
4338,845217
4240,709261
4185,870719
4171,905199
4000,572854
3874,405964
4223,421736
4312,337109
4312,382792
4252,463859
4164,243039
4203,176598
4284,104051
4542,804221
4770,874526
4950,801009
5035,624918
5007,742265
5064,882776
5017,358008
4810,830639
4430,774217
4107,707501
4179,227715
4172,423383
4052,159818
3861,590641
3715,574569
3558,791890
3437,716938
3413,181885
3431,754275
3348,122150
3274,915735
3244,778484
3263,860958
3338,036981
3697,844362
4028,616175
4192,847295
4422,582363
4572,255490
4539,774761
4526,664825
4378,447446
4252,900997
4182,873252
4195,970689
4262,460420
4238,447752
4045,893294
3888,672113
3640,739068
3477,719386
3385,720589
3351,499480
3252,027745
3262,215928
3197,797930
3251,682328
3464,710099
3799,481788
4018,726210
4227,938950
4441,694306
4476,766589
4423,715817
4524,026827
4395,457649
4318,428211
4144,973618
4059,723381
3880,244549
3834,798055
3689,482962
3548,267308
3497,814722
3686,057750
3677,444367
3647,383366
3574,763441
3444,374126
3336,352292
3281,094417
3451,408305
3758,218505
3974,252549
4149,282903
4374,748440
4389,342194
4396,151377
4462,700742
4614,832303
4488,085713
4563,057056
4410,081125
4235,138048
4116,181261
4032,224773
3921,869695
3843,032639
3875,459536
4278,762094
4464,733517
4485,227494
4510,067424
4406,921135
4277,198521
4700,033601
5021,978322
5264,594653
5573,142574
5573,298628
5535,202816
5537,948800
5569,088526
5475,116396
5615,689947
5467,616405
5055,372454
4793,619461
4591,028548
4453,647517
4227,593391
4067,904709
4031,452487
3999,624461
3926,906654
3997,136710
3934,214841
4043,054093
4473,965865
4952,323755
5127,470083
5225,193102
5285,038515
5242,125748
5100,245073
5047,326713
4934,619868
4906,628688
4907,195612
5137,035452
5079,393930
4815,080208
4694,751193
4510,837939
4275,460515
4149,322722
4301,441350
4524,268851
4467,044990
4228,345219
4061,319176
4229,320198
4468,339944
4950,408483
5179,563358
5232,563431
5399,953138
5465,724613
5418,239960
5362,388443
5273,455518
5191,656824
5215,839312
5286,525690
5106,768346
4854,869999
4695,391129
4533,435954
4329,720206
4126,589811
4239,649069
4367,432781
4319,807987
4219,651929
4247,963240
4164,696670
4540,689515
4855,842298
5011,850833
5017,882388
5169,197044
5196,291680
5321,191064
5351,132412
5698,069660
5639,581876
5500,819853
5501,837150
5214,337049
4824,338960
4468,926091
4276,972331
4098,736791
3964,675370
4104,618641
3986,452567
3824,423947
3650,981243
3462,612456
3407,759989
3465,321602
3736,190450
4088,458370
4386,970216
4599,101941
4903,386566
4886,265562
4949,488197
4974,710271
4988,199143
5031,875660
4712,994930
4382,952621
4133,366277
4078,045502
4017,122197
3851,914546
3734,003560
3782,268635
3985,237038
3991,960190
3886,508847
3916,293847
3917,118319
4009,173648
4308,165180
4668,450057
5021,197321
5179,528642
5356,419247
5417,703068
5438,760904
5353,479231
5231,645659
5121,190912
5155,974029
4709,669914
4215,030193
3941,380541
3807,115049
3695,298886
3563,858356
3563,398267
3739,027252
3711,512947
3616,724649
3483,407253
3512,360757
3932,340516
4437,730767
4669,229304
4695,811099
4837,592584
4863,885987
4927,929440
4933,807357
4589,457907
4452,522965
4402,855584
4621,928607
4547,748233
4302,118973
4065,840077
3913,032796
3614,158641
3433,625600
3333,808628
3343,470656
3342,708388
3342,349075
3287,220126
3419,965698
3946,216879
4404,189875
4674,738424
4778,945526
4912,713668
4968,565068
5031,752161
5276,770440
5120,470001
4916,351048
4768,271808
4902,356211
4758,084506
4474,102899
4330,379865
4167,697444
4046,393946
4066,263134
4214,720584
4356,482327
4390,897196
4274,848833
4098,781680
4173,402816
4647,504811
4967,876449
5311,850961
5396,413545
5480,680686
5622,532000
5858,424595
5853,082741
5900,034224
5730,393667
5407,641632
5269,482731
4732,910425
4364,630515
4220,106356
4129,375061
3950,912798
3782,536399
3976,508155
4194,869162
4170,832721
4245,139233
4279,428134
4175,302385
4412,444229
4827,930622
5118,617324
5251,506897
5484,802197
5690,611941
5747,844455
6022,076430
5649,472761
5163,072130
5065,803000
5082,936026
4786,689959
4493,686999
4304,439784
4140,163177
3928,804898
3775,462552
3782,422106
3844,258704
3704,504365
3836,855209
3756,436902
3774,219223
4146,845755
4631,350159
4857,871884
4971,135954
5161,070863
5405,508213
5796,374936
5739,393125
5659,502487
5501,364081
5132,678147
4762,608870
4586,570017
4357,166004
4139,804168
4001,663361
3762,927070
3596,185792
3585,421390
3574,750897
3591,272353
3536,730188
3472,365900
3444,957722
3527,549846
3948,724033
4089,380225
4420,297683
4910,036928
5024,555197
5009,607968
5077,221603
5054,587195
4936,545062
4803,864039
4544,408589
4397,761808
4151,658763
3975,323271
3891,311883
3799,640150
3770,429803
4060,692189
4115,748552
4076,138277
3976,206402
3936,074946
3971,024822
3986,379671
4244,203910
4593,766429
4795,041161
4957,201042
5064,018306
5198,265271
5241,949960
5219,482294
4935,983369
4829,133507
5043,119201
4563,751950
4123,884036
3962,838132
3887,317128
3664,084806
3511,288969
3589,824871
3437,876585
3320,518943
3322,734106
3331,173799
3555,377014
3957,968552
4491,547076
4746,116264
4870,945133
5038,807358
5038,441732
5014,428369
5295,331637
5354,391375
5239,764478
5176,103100
5069,467998
4748,704764
4442,301881
4295,527144
4169,915273
3957,922084
4017,224791
4336,452232
4359,323847
4288,607304
4050,322792
3851,314544
3814,814041
4102,776071
4613,737474
4873,050715
4942,409940
5127,853748
5103,563584
5164,624667
5147,962496
4984,875541
4739,962471
4734,297967
4815,974907
4646,057599
4367,331839
4203,665371
4092,719785
3865,271008
3651,049744
3714,792610
3644,962966
3594,853345
3492,107254
3456,275702
3684,388983
4120,173378
4611,010654
4826,736380
4868,289927
4884,835213
4870,659986
4868,222629
4969,363533
4716,422210
4567,735327
4499,136076
4648,953125
4549,546116
4301,998071
4165,522181
4079,863615
3815,422197
3627,962494
3632,098316
3690,573932
3564,441727
3464,240455
3467,332578
3668,786392
4145,086290
4626,713691
4748,259746
4828,687307
4878,052096
4890,850221
4890,547339
4818,533102
4792,973274
4775,081603
4796,296699
4727,218427
4610,575360
4378,615656
4227,050654
4114,119273
3876,321272
3658,298064
3640,596914
3719,981238
3886,662955
3807,496121
3902,302058
4065,753612
4342,012263
4784,373909
5008,444405
5082,626657
5235,177356
5300,230443
5280,704468
5287,115928
5184,819961
5072,452133
5068,342247
5045,470228
4787,088401
4430,127961
4208,620248
4124,393316
3940,849028
3824,737649
3885,529716
3886,101710
3844,329127
3715,880380
3613,182887
3578,421709
3654,898787
3921,726717
4144,450346
4385,583477
4481,314209
4507,980229
4567,481337
4718,417151
4830,112239
4783,981575
4545,721270
4425,507338
4213,550662
4004,694816
3871,413961
3828,570389
3670,672772
3559,324990
3454,512637
3414,588696
3400,431369
3417,828355
3432,161217
3441,540716
3491,887021
3821,177901
3988,404430
4222,903861
4722,721752
5188,894245
5282,144946
5372,673522
5303,355157
5183,603356
4886,034770
4566,723457
4301,695810
4063,392512
3856,869754
3808,661407
3643,574628
3496,394343
3561,424968
3553,257979
3463,116931
3379,873609
3402,506491
3613,476840
4124,468345
4665,531428
4902,020802
4982,004870
5081,104735
5079,144524
5091,743358
5058,832279
4959,653223
4824,350814
4914,110866
4949,263821
4805,738696
4510,569546
4322,926589
4220,379203
3973,854342
3829,043361
3789,102861
3780,672594
3745,787950
3658,409728
3625,877603
3818,543899
4246,712165
4741,243338
4959,160141
4998,556286
5146,674705
5247,168101
5184,583584
5259,389737
5087,508605
4917,788444
5061,659027
5181,686525
4945,506939
4657,068243
4496,880191
4332,334852
4078,341340
3882,399657
3841,760350
3882,041428
3860,392764
3788,647233
3653,830899
3739,137756
4182,066731
4697,343690
4919,594073
4995,293799
5098,067321
5056,695257
5000,935219
4984,820153
4879,754361
4627,000622
4750,310455
4853,126505
4732,184830
4421,153591
4223,375762
4151,080975
3929,823166
3727,402419
3710,912424
3723,039442
3721,879581
3641,544341
3624,430102
3678,918779
4143,046775
4677,704215
4950,760684
5063,071696
5083,108780
5198,554002
4911,682371
4842,202226
5010,103620
4622,672917
4523,078505
4705,869948
4674,902077
4425,714983
4212,309646
4130,110580
3914,460698
3731,258505
3721,788803
3817,817571
3740,876655
3644,693986
3568,592358
3712,774623
4120,511165
4662,457274
4927,989137
5040,976178
5239,608774
5263,604770
5178,845796
5195,332045
5167,101585
4949,218957
5002,172651
5143,447095
4768,126823
4347,621246
4088,200388
4005,110748
3846,926840
3675,621601
3638,244295
3633,403001
3589,548116
3453,168790
3444,742934
3391,097295
3479,397964
3760,715708
4202,970047
4567,848932
4896,826845
4994,670787
4737,034997
4943,304147
5014,535580
4846,483596
4452,365647
4182,658638
4084,757382
3866,878381
3757,823652
3817,391323
3692,269181
3456,225012
3342,127080
3362,730884
3368,952132
3423,923522
3563,786345
3661,582913
3794,251518
4359,388931
4571,628023
5050,212204
5189,078944
5447,281920
5573,054560
5456,716782
5184,354089
4921,300215
4878,593481
4897,330585
4302,059474
3936,979868
3717,783769
3686,478843
3568,495554
3451,001579
3515,169396
3429,125812
3276,137864
3126,402308
3126,512321
3278,069340
3773,667031
4328,827041
4730,949812
5011,381178
5486,049917
5335,620304
5303,062558
5668,058451
5471,870925
4680,099898
4520,256598
4549,999325
4461,614926
4114,655664
3899,642001
3833,775686
3677,282895
3507,320672
3356,195236
3420,178689
3439,092315
3419,294716
3416,287883
3358,858991
3890,040793
4403,726061
4676,426816
4825,974358
5016,579801
5064,699767
5370,502311
5233,257411
5172,818158
5083,162163
4856,971995
4741,535989
4562,457070
4224,771732
3989,509297
3928,457123
3748,892960
3639,820859
3492,960459
3442,182404
3299,379712
3356,105198
3253,916159
3385,755860
3780,588332
4124,675534
4673,668380
5061,936419
5337,535040
5549,645342
5568,879097
5359,190172
5381,086717
5344,414728
5186,857128
5022,469349
4526,999077
4121,276724
3911,786945
4002,769216
3837,317129
3712,868156
3804,176024
3662,818428
3701,129551
3538,921371
3464,730958
3543,415945
3908,802946
4339,671600
4731,739168
5034,349773
5351,946581
5530,931272
5609,228526
5583,309513
5406,802908
5377,920044
5019,863587
4969,624582
4707,364535
4316,276899
4003,029075
3940,490772
3792,933449
3587,404547
3697,595698
3588,909278
3436,633129
3285,277954
3253,390428
3370,964703
3784,956100
4272,504525
4653,847780
4872,991131
5009,767969
5020,038342
4792,748187
4802,352549
4677,386298
4607,098682
4568,105280
4510,115985
4229,711077
3877,156925
3621,797463
3506,294758
3413,712795
3271,245223
3082,307544
3059,202452
2920,469972
2787,765212
2792,146054
2913,648359
2933,866544
3154,367613
3543,817592
3742,073716
3973,742582
4232,838456
4530,956235
4792,282474
4788,136892
4478,760877
4174,545516
4108,469840
3963,548506
3677,971956
3464,530795
3369,682287
3318,604835
3251,705164
2973,800043
2895,538634
2839,099204
2788,331243
2950,664325
2988,359118
3102,028180
3350,453650
3857,373001
4223,796901
4733,385414
4867,721395
4856,008203
4959,384826
5008,782802
4970,367629
4835,849310
4532,295287
4172,575593
3928,210396
3814,025112
3563,513390
3358,750602
3177,529009
3171,662052
3228,718707
3223,551175
3007,558284
3009,031924
3194,265830
3717,291143
4262,391843
4664,120669
4780,148256
4940,012044
5020,637147
4855,155513
4791,439603
4654,933747
4475,044832
4517,444833
4656,095005
4459,992265
4188,070376
3966,100848
3829,974509
3633,239785
3508,863629
3411,128198
3395,407173
3256,106787
3153,819677
3126,240034
3305,944566
3768,280554
4309,303522
4599,471960
4663,994649
4734,621658
4801,974166
4735,899241
4747,453081
4709,121088
4527,958516
4328,520695
4420,487137
4340,508763
4133,748723
3958,303652
3864,292365
3661,871513
3420,796568
3406,970617
3418,266224
3351,375574
3229,734282
3228,374317
3376,531573
3770,432684
4281,280668
4563,440340
4592,224789
4642,199818
4643,021606
4627,677245
4661,613423
4633,869101
4497,044887
4501,229311
4570,626150
4423,117664
4138,687758
3855,761855
3755,918062
3522,351883
3296,076130
3204,318350
3076,177072
3032,713594
2979,021378
2950,949672
2944,549044
3057,775857
3443,713470
3786,290663
4148,876665
4593,386814
4876,782889
4983,020419
4850,358264
4813,093692
4767,630575
4559,936837
4127,970265
3975,424446
3746,342721
3578,076480
3507,414950
3328,549189
3144,757813
3056,428190
3026,880437
2972,312272
2906,942104
2882,635227
2989,656889
3200,070262
3547,054006
3888,816129
4062,236515
4414,806859
4796,794698
5160,355802
5324,127835
5233,594587
4763,041461
4361,864961
4198,029856
4062,337962
3792,277518
3567,177063
3488,730858
3326,288421
3156,711669
3046,608827
2982,098293
2895,306528
2802,149752
2778,255639
2784,810663
2908,016211
3239,029382
3757,624544
4283,650909
4815,229347
4864,680357
4990,750036
4946,796209
4896,526244
4789,200969
4488,796683
4169,971899
3853,949991
3578,182137
3399,709770
3319,113360
3173,175129
3008,656286
2917,951258
2871,204540
2806,692181
2799,982494
2750,719168
2774,752483
2967,415725
3486,326898
4071,266324
4403,629519
4730,250175
4851,843625
4673,705136
4644,904498
4620,758387
4742,099542
4716,486832
4572,554325
4081,205758
3752,844842
3556,343530
3477,860973
3336,472561
3186,347158
3290,721169
3353,360273
3169,153963
2991,003785
2972,194367
3297,665980
3618,666228
4179,580194
4574,222774
4625,161308
4814,702251
5084,089545
5232,467999
5172,334400
5100,558848
4912,195137
4712,175125
4722,706320
4494,777211
4186,208583
3928,496072
3872,894030
3781,400291
3530,128743
3290,953148
3318,162967
3229,012528
3125,009017
3114,345076
3195,959508
3656,084678
4189,649686
4529,913303
4729,173632
5258,905220
5403,051129
5348,185697
5395,424129
5239,108577
4969,775727
4914,763906
4847,242667
4650,058521
4221,148071
3967,842477
3846,632466
3738,562701
3503,088215
3518,149077
3358,557837
3250,761187
3145,377713
3168,485447
3254,877324
3713,082154
4191,062206
4466,653277
4583,739770
4839,256335
5108,883272
5214,732196
5182,081077
4999,111141
4997,683855
4783,659128
4799,771928
4547,458926
4255,268891
3968,078636
3852,084905
3734,357180
3531,437351
3450,974988
3389,505859
3299,703322
3227,983341
3143,287695
3232,355699
3664,371175
4180,795184
4483,337812
4625,109039
4851,739280
4987,963039
5024,045405
5124,535527
5068,682734
4823,533710
4741,144757
4676,809366
4487,797236
4290,391689
4025,216124
3904,336341
3812,839066
3542,243187
3501,543838
3476,809874
3362,355570
3240,425835
3138,903213
3207,493182
3665,766483
4202,421595
4529,213106
4641,682892
4738,544769
4794,090371
5033,570197
4986,482776
4852,624115
4720,974045
4565,121819
4391,780526
4273,703082
3935,455207
3691,566514
3667,483354
3511,795435
3425,438356
3340,368240
3220,953534
2990,089025
2880,496137
2823,443530
2829,549378
2908,303742
3186,430910
3522,547450
3738,457850
3999,730930
4140,000885
4346,527685
4404,595352
4285,824391
4209,705507
4115,111288
3832,858959
3744,351001
3541,317562
3392,251029
3295,470838
3233,779740
3057,600329
2944,381374
2840,297031
2739,683832
2698,614696
2640,284597
2614,405121
2714,295006
2986,919942
3338,734260
4046,206412
3998,913025
4412,197416
4437,100186
4462,868452
4364,975726
4345,409906
4299,523055
4102,803827
3736,594378
3551,549991
3390,965999
3295,541764
3240,544791
3082,517365
2958,625557
2896,918177
2796,459737
2750,012059
2673,429824
2661,402409
2809,983276
3090,976720
3451,889508
3732,133148
3975,160588
4248,495111
4387,230747
4712,429708
4663,226460
4555,826522
4194,276991
4044,498685
3955,799537
3758,003504
3596,084190
3477,526398
3397,870301
3209,754519
3129,337259
3098,044307
3089,353449
3030,013172
3002,233518
3115,600840
3558,411840
4076,909174
4423,268439
4573,716331
4727,874511
4805,570751
4890,881310
4914,158225
4800,025850
4659,711420
4625,096103
4695,635882
4523,132481
4234,965524
4018,189352
3864,938836
3745,827727
3614,418505
3852,843295
3919,777518
3815,758606
3485,967606
3374,332058
3470,772726
3908,940538
4305,952367
4549,794986
4698,728932
4826,908850
4861,336507
4973,107346
5242,727949
5241,823426
4872,020923
4764,009744
4713,545982
4532,010356
4267,881868
3975,792831
3827,764805
3670,956396
3546,679426
3495,379880
3356,522475
3366,713679
3089,783263
3161,421702
3175,524700
3597,064188
4118,854171
4381,889321
4554,819440
4705,488238
4735,907150
4767,392832
4681,519210
4548,898210
4438,096599
4442,003211
4543,484916
4396,928537
4138,681552
3922,671282
3767,451719
3630,897505
3402,645464
3287,585499
3256,759312
3248,236758
3127,770255
3004,832414
3080,981236
3566,673606
4084,584949
4386,739988
4472,795448
4589,123979
4580,856879
4490,710343
4432,533542
4251,881113
4200,856815
4159,203955
4150,895901
4039,785745
3788,601652
3580,369912
3435,389224
3352,931773
3188,623185
3086,874845
2996,193594
2927,721740
2850,150833
2750,905933
2723,730261
2811,851105
3111,748379
3435,294392
3663,797465
3800,382925
4089,841367
4310,238542
4384,180997
4308,025681
4228,895871
3904,429913
3739,570301
3695,270143
3515,412947
3363,054804
3272,429544
3222,214656
3013,997711
2895,211773
2802,902513
2772,837352
2709,298518
2617,199862
2615,018528
2771,554582
3050,714905
3757,651294
4192,149816
4480,988984
4542,182531
4542,431996
4639,054460
4696,507209
4350,085157
4371,354488
4073,717238
3890,363245
3673,016957
3494,638637
3360,229643
3295,482597
3195,662280
3287,667272
3241,383245
3151,178330
3080,225714
2968,054399
3090,700406
3508,539827
4058,692029
4333,902735
4506,377426
4668,393826
4693,648314
4734,933068
4711,280485
4649,400738
4506,455505
4428,607762
4506,375849
4325,618380
4063,838501
3835,900378
3660,141190
3533,950401
3334,808113
3204,586082
3139,900077
3113,631319
3043,424978
2993,304858
3087,400690
3574,550888
4128,927880
4439,938114
4530,271289
4666,605207
4656,232295
4635,955293
4626,296794
4644,670306
4432,622157
4397,825513
4575,476107
4346,343762
4076,570184
3808,148807
3655,022372
3572,304898
3348,639637
3262,086691
3296,373162
3324,921917
3410,474402
3413,836792
3419,567800
3752,194079
4166,248122
4473,626400
4610,025862
4784,486511
4849,637920
4898,238225
5025,437219
4910,947447
4733,439512
4639,245813
4642,391181
4442,987859
4183,617183
3929,664151
3743,189400
3584,362722
3364,440724
3278,439216
3216,393726
3213,460682
3103,259697
3031,725948
3124,828147
3616,647473
4150,377760
4465,239704
4570,026944
4640,934377
4686,594764
4618,177381
4653,943926
4575,396203
4438,927531
4382,301323
4461,062341
4274,070573
4120,984616
3849,442144
3665,216510
3541,229242
3417,340524
3320,592234
3208,647299
3198,792162
3211,691827
3117,428288
3148,730599
3589,413555
4110,485071
4404,875408
4511,911556
4608,760935
4656,356218
4604,059276
4533,147870
4393,568867
4319,227980
4298,197301
4284,573897
4124,272989
3867,678825
3634,345696
3464,462743
3369,606084
3201,000178
3095,602668
2994,568880
2930,812841
2889,271190
2816,471154
2842,659833
2893,267284
3162,408591
3497,379407
3789,682388
3932,536512
4030,249522
4181,931507
4403,796680
4392,180046
4402,792941
4224,604727
3874,473313
3794,263809
3594,859405
3383,208945
3240,812284
3170,100532
3202,616355
3153,890799
3056,410507
3020,093951
3062,919124
2968,252374
2946,394459
3049,709242
3306,131956
3689,004449
3921,691183
4069,695249
4288,698911
4401,698884
4578,439195
4697,148473
4561,151489
4490,250130
4395,863459
4181,870102
3925,716463
3737,585967
3605,122271
3501,116496
3355,147316
3233,035741
3101,609596
3065,799796
3196,508919
3139,304164
3199,222073
3642,115070
4092,973707
4394,727648
4601,795221
4689,492465
4663,916337
4648,350595
4742,125904
4775,991352
4754,704161
4665,322103
4728,809234
4474,321397
4166,416150
3912,678019
3690,786152
3751,640677
3573,135544
3235,022316
3132,963858
3074,979391
3030,771380
2952,558815
3047,020500
3533,426946
4068,230752
4367,387263
4458,866075
4581,485860
4616,754133
4573,463928
4722,989568
4708,986507
4534,059635
4425,035663
4459,203822
4353,117927
4104,378370
3853,277084
3700,549197
3567,289850
3369,020697
3619,620568
3474,757775
3440,294401
3357,316852
3226,561403
3201,698530
3358,386883
3696,474769
3993,641157
4260,948901
4497,018343
4528,398902
4456,588234
4597,377815
4547,776125
4448,957070
4473,161036
4489,277901
4184,608846
3764,777549
3578,294913
3452,781469
3338,868532
3208,703716
3146,012620
3130,468596
3077,929879
2977,540886
2890,700919
3043,542002
3558,415028
4127,106995
4443,974354
4716,139811
5042,824659
4972,035368
5281,784513
5293,459811
5002,655753
4729,224392
4573,426312
4637,101597
4431,145565
4058,479991
3831,236055
3616,762033
3477,859860
3341,200788
3220,849671
3216,282853
3127,190539
3056,983439
2979,348896
3091,521610
3594,603715
4101,483852
4485,643787
4691,545439
4837,505968
4888,428645
5139,755009
5033,637447
4780,651807
5044,281954
4605,561827
4432,507997
4279,895966
3931,862452
3637,291214
3423,207579
3359,951069
3239,733327
3098,585690
3072,818907
3045,075104
3074,174294
2996,286432
2955,929762
3037,671638
3336,957441
3681,780693
4250,996604
4383,268958
4554,918977
4837,763516
5017,725317
4965,519214
4712,849682
4673,720979
4636,831190
4380,102441
4075,369497
3820,995015
3566,212115
3443,644130
3414,698399
3337,425443
3434,488765
3333,744686
3346,546770
3281,215292
3295,850260
3412,287986
3712,981849
4194,037797
4311,319505
4621,897018
4691,225931
5065,352174
5215,201274
5177,240608
5192,296585
4885,901214
4845,775827
4529,419118
4245,855026
3973,720520
3760,921460
3646,733865
3526,719357
3466,884029
3476,457564
3353,173679
3288,678686
3360,114103
3426,350063
3874,083931
4510,553839
4913,661337
5060,340474
5345,670124
5304,745596
5164,536835
5155,370983
5028,868618
4901,487710
4850,562153
4892,462488
4657,840593
4343,095309
4000,218729
3790,852856
3660,793422
3486,077812
3402,174949
3372,777091
3262,829051
3341,492578
3232,368134
3308,658457
3777,338781
4303,554289
4620,040185
4723,457620
4919,658231
5034,864258
5090,835676
5303,126793
5438,008019
5274,272541
5020,226122
4856,662973
4597,939693
4308,280093
4036,669265
3813,586296
3699,573402
3706,019319
3424,460603
3341,630861
3319,027850
3251,870290
3226,862444
3335,922698
3789,968503
4329,898231
4783,567566
4968,850149
5125,819455
5392,532472
5208,593548
5209,697502
5063,459694
4936,185337
4864,851931
4920,248275
4555,074607
4297,083236
4043,968610
3982,977878
3759,168078
3544,284933
3445,566822
3492,947744
3585,563360
3418,760815
3235,756353
3383,372473
3804,073341
4306,358289
4614,824133
4698,772424
4879,216161
4994,956895
4950,012100
4971,392633
4880,271468
4772,489666
4631,224145
4655,890492
4479,646560
4110,615482
3885,708421
3683,095366
3541,691237
3372,470002
3335,226842
3328,250024
3346,995723
3360,162479
3280,017798
3277,052629
3634,055795
4189,615107
4472,018731
4562,073851
4681,096186
4670,716601
4675,559599
4624,908630
4522,550455
4366,439995
4306,704346
4249,763628
4094,554370
3889,516108
3658,497883
3470,133023
3385,933951
3243,254066
3151,179893
3075,868295
3047,778753
3019,540637
2967,579642
3052,941194
3267,080133
3674,575897
4184,401703
4667,098992
4823,262523
4806,215749
4914,456087
4992,137238
4920,633783
4895,484883
4823,060393
4728,674386
4470,278722
3939,899604
3671,937167
3488,877194
3377,575913
3289,976472
3161,341361
3138,105541
3174,927803
3233,332631
3173,110173
3271,022475
3235,432405
3709,807752
4148,115262
4425,199835
4716,217850
4845,254957
4774,853985
4849,147994
4865,371095
4662,428534
4521,916454
4488,498880
3980,491611
3623,024675
3538,018325
3408,608774
3258,772794
3116,607862
3110,626521
3178,733577
3048,415641
2966,741290
2890,017558
3023,362832
3511,366325
4051,426818
4327,192434
4468,195645
4629,149536
4688,538341
4798,098105
4893,645353
4907,910055
4742,930554
4661,011389
4636,236671
4354,395660
4072,304593
3835,697546
3650,370862
3515,495245
3334,921890
3224,192057
3208,816003
3159,138632
3145,059991
3173,779994
3258,873450
3577,539700
4114,351839
4420,256293
4542,957500
5023,505908
4980,263276
4842,562931
4982,311061
4885,028332
4508,123450
4377,966960
4462,142953
4350,899713
4086,361449
3845,361143
3646,544372
3547,118810
3510,852662
3316,786905
3215,327617
3149,330390
3071,826906
3064,679836
3149,109254
3582,725656
4100,546353
4392,587080
4556,360584
4809,630319
4906,953683
4936,474647
5054,004119
4962,242566
4915,063621
4976,731396
4922,299196
4766,089876
4481,703175
4117,607579
4023,625625
3853,603047
3631,715772
3391,827734
3237,524933
3129,602909
3010,956896
3037,830055
3161,201497
3588,663693
4100,158708
4373,025661
4525,399667
4671,157087
4707,656079
4946,956582
4943,370029
4708,791040
4557,268697
4480,168581
4513,683576
4250,195754
3977,048917
3807,465634
3629,619942
3492,340478
3342,260532
3262,284307
3240,828615
3213,292859
3171,874696
3099,885952
3110,588024
3525,275380
4035,733572
4334,236537
4436,119432
4543,398034
4714,630966
4732,028790
4705,956296
4515,139118
4282,911214
4426,483784
4181,335718
4070,449008
3815,968815
3621,171291
3472,726575
3370,096135
3218,334991
3130,559305
3039,376370
3091,796034
3161,792528
3100,183970
3115,169758
3062,713182
3238,288558
3552,517725
4049,676140
4544,327115
4722,169615
4681,465106
4864,397465
4766,611147
4610,802564
4462,104600
4216,511077
3940,770894
3713,753291
3507,117707
3346,492185
3243,263468
3154,927488
3061,612477
2947,852192
2890,809498
2807,197022
2726,143785
2704,806713
2826,288212
3141,698201
3773,257667
4069,393864
4343,749417
4406,967403
4543,224532
4541,375163
4528,524814
4497,397632
4310,583372
4184,591256
3863,272043
3587,952864
3420,044479
3286,833186
3267,350536
3189,559670
3070,191672
3002,883007
2945,326829
2856,772697
2776,813113
2919,969162
3385,937102
3932,778464
4372,093938
4485,549213
4667,252558
4806,302046
4789,630534
4822,333269
4756,764711
4551,159144
4471,674561
4472,387761
4338,015604
4092,441034
3922,294053
3641,408179
3497,661926
3368,310798
3232,386027
3191,803098
3140,129246
3087,955155
2910,092450
3017,079306
3520,584368
4093,848744
4431,696843
4623,027794
4816,458412
5075,736275
5175,617811
5209,331118
5185,037004
4878,351841
4601,447175
4486,678758
4311,850214
4076,538322
3869,019668
3640,096661
3493,267289
3367,695364
3262,209258
3236,965415
3163,348560
3091,356414
2961,936612
3056,905680
3532,391036
4068,873390
4412,480528
4575,503042
4730,121664
4897,822319
4976,826596
5006,034905
4889,048362
4793,623462
4506,944869
4479,932621
4322,110814
4123,887096
3929,800671
3768,842818
3665,064474
3615,158845
3288,605479
3212,319563
3178,708459
3060,908466
3012,987664
3131,640536
3598,333870
4130,749258
4442,601818
4585,246369
4772,759625
4817,344333
4886,388679
5007,403360
4970,595563
4807,860837
4603,362840
4597,007835
4468,855591
4203,148787
3967,711381
3808,688736
3674,768378
3469,228434
3372,777593
3300,307615
3263,750640
3175,359571
3083,920747
3150,467507
3674,344182
4121,585515
4404,732039
4540,792021
4733,639989
5051,277542
5355,528234
5304,912809
5236,520290
5155,529471
5017,766519
4859,306051
4380,743542
4016,745065
3746,891509
3551,056940
3428,832080
3260,923110
3108,767127
3007,569846
2883,600371
2784,180115
2761,180269
2785,718348
2825,774400
3100,888579
3428,878402
3776,033616
4246,606646
4434,897775
4450,316716
4393,504164
4300,966299
4102,810112
3919,525443
3757,634970
3664,746418
3474,876390
3326,280109
3171,715122
3109,556689
3020,923640
2932,397498
2875,308464
2760,091277
2677,000322
2673,112863
2752,886615
2847,285530
3040,847913
3360,684453
3635,722619
3974,277785
4147,109760
4357,170464
4313,863156
4292,660605
4227,087393
4047,820184
4022,747150
3937,889626
3712,381778
3488,674687
3345,502297
3240,007386
3117,458274
3017,692016
2947,197338
2925,801221
2872,062145
2805,187642
2930,424187
3376,445653
3886,401256
4240,488326
4396,424120
4640,870380
4632,691841
4861,662353
4738,230323
4836,397729
4679,060965
4629,584716
4608,207582
4425,861377
4065,580513
3849,819383
3643,253669
3509,422842
3325,610073
3203,772998
3147,382741
3166,961034
3053,922619
3038,471537
3111,151244
3507,330985
4025,912686
4319,781914
4467,676125
4620,127535
4753,326963
4787,332798
4792,214749
4709,570238
4640,592203
4558,859286
4678,029110
4550,700903
4275,824100
3985,145712
3787,523793
3668,626694
3555,362556
3576,967961
3530,264893
3414,877092
3261,641142
3278,222420
3292,847758
3527,118046
3978,192461
4308,922437
4456,996803
4593,702791
4677,526315
4684,189871
4709,455439
4614,979137
4464,964857
4299,351021
4398,976423
4253,261992
3990,142966
3785,847171
3618,193489
3496,099684
3332,664447
3235,554031
3258,766755
3308,098865
3272,914611
3334,117123
3384,272525
3676,592059
4151,431783
4465,749513
4685,263138
5048,208580
5295,364749
5365,913720
5477,781481
5482,514124
5210,502513
5092,166456
5093,181283
4764,043249
4278,180062
3924,762050
3741,002291
3614,755327
3448,328954
3545,889974
3551,487918
3633,184346
3474,791022
3277,863316
3310,115838
3614,876475
4093,867212
4395,748859
4660,451377
5196,713042
5306,058258
5301,283684
5168,094439
4905,580616
4872,507378
4823,114314
4691,997116
4355,852554
3989,314800
3741,663594
3611,330341
3442,375938
3233,294945
3076,623612
2947,115529
2857,593729
2804,121951
2776,570868
2818,749954
3008,457396
3302,002689
3659,694013
3976,114593
4198,499650
4359,963280
4660,237710
4807,668014
4820,351971
4771,707495
4536,417541
4479,550727
4181,148891
3950,930021
3697,711567
3586,646302
3469,492845
3448,077269
3247,327803
3149,394793
3055,961004
2960,890808
2944,382632
2897,625760
3016,152977
3295,402493
3757,354683
4111,634065
4263,769333
4459,189305
4435,620720
4492,829301
4419,568573
4332,155869
4161,491796
4160,090153
4002,605104
3635,730642
3432,407110
3274,533825
3204,084089
3068,310787
2972,828603
2938,544753
2863,313124
2775,743359
2758,134512
2879,706834
3296,822482
3805,315881
4148,173740
4312,595321
4621,209485
4712,227734
4715,772644
4786,484971
4624,244246
4443,653560
4354,284747
4309,845378
4168,296342
3912,905519
3662,829621
3514,375434
3375,279033
3246,652011
3093,685113
3043,021262
2980,898116
2921,477226
2863,874299
2943,349512
3333,211678
3798,400804
4089,580241
4261,922517
4463,276273
4654,729869
4792,909375
4940,920928
4948,015481
4813,033740
4532,685458
4392,876467
4211,578061
3957,161502
3747,410626
3583,487265
3550,129842
3412,461568
3399,274486
3323,809050
3331,030517
3261,239011
3199,062798
3224,100904
3550,546712
3974,874829
4275,121215
4392,312534
4536,235170
4607,626089
4604,534485
4679,451897
4601,340143
4436,611747
4334,519909
4377,941409
4242,193969
3983,482601
3757,627004
3577,500145
3462,657922
3264,787074
3175,046228
3159,346607
3073,640472
2977,438972
2940,364852
3024,524139
3363,221482
3821,116705
4143,203545
4273,999427
4437,477550
4479,150995
4535,443950
4564,180386
4466,377544
4335,290789
4289,466897
4350,542888
4151,265716
3894,664113
3664,577507
3502,329617
3379,538922
3192,169958
3087,979637
3030,116285
2992,766233
2969,364307
2942,649201
3022,551079
3281,795004
3717,502039
3998,186798
4118,546062
4269,059415
4333,031009
4255,559168
4190,518216
4100,043146
4007,194376
3892,652031
3974,328035
3869,064730
3649,310649
3482,700682
3341,613492
3270,634559
3152,073848
3134,557047
3090,447666
2992,715544
2931,829223
2847,817295
2780,787426
2837,132483
3040,804325
3311,634026
3626,672545
4068,779057
4358,228879
4442,109591
4457,265718
4425,528304
4277,395109
4193,258321
4162,973721
3809,926265
3523,722010
3306,285994
3163,515717
3076,456186
2943,922785
2809,883119
2728,659421
2661,352702
2618,756761
2585,055782
2539,959430
2645,311887
2963,939368
3624,629230
3968,816552
4184,942940
4294,319939
4300,220557
4334,576368
4292,886085
4219,716918
4185,480098
4106,613031
3853,134133
3589,269222
3393,531801
3225,444617
3151,623892
3022,336579
2918,705420
2843,328051
2788,543169
2745,831524
2717,326453
2773,353652
3057,268467
3492,267596
3843,049263
4055,991896
4219,376594
4440,568239
4581,058569
4622,424968
4580,172195
4234,933704
3976,304061
4015,690554
3926,558572
3679,114473
3461,460422
3296,352152
3195,021783
3010,068684
2885,097944
2808,867355
2771,444170
2757,420324
2704,333271
2736,974426
3019,063542
3415,808517
3723,200015
3920,730039
4112,849688
4443,767385
4476,163008
4463,713147
4540,264745
4559,771537
4500,845398
4191,189585
4015,028381
3723,212235
3509,764531
3334,915472
3221,081429
3034,750563
2900,671917
2863,105507
2802,182067
2744,981354
2684,306012
2741,733041
3059,715443
3483,264257
3732,123825
3907,679782
4101,774054
4163,607300
4286,221031
4509,268662
4451,503251
4362,306644
4167,990473
4179,187788
4063,850001
3837,232823
3622,876205
3425,427918
3268,457521
3086,733653
3045,265541
2901,668502
2869,832789
2804,799752
2789,093460
2848,938758
3083,930910
3486,476988
3804,275607
4055,983886
4195,549608
4235,961487
4446,171303
4466,392087
4324,389242
4058,247688
3893,096160
3885,043840
3815,196270
3570,913450
3405,506631
3269,644858
3193,886141
3022,671581
2911,501198
2867,486999
2787,923453
2712,146018
2652,456178
2692,678979
2944,893062
3315,545971
3676,190189
3912,695884
4336,473568
4443,403248
4456,163361
4357,651623
4170,943674
3956,885231
3884,345842
3896,370265
3776,171496
3568,908942
3392,834544
3262,214180
3191,843710
3027,563448
2896,584044
2831,002676
2732,853656
2663,357826
2589,693369
2552,077771
2642,221772
2882,491111
3197,731797
3476,607463
3834,993657
4155,799155
4230,051508
4189,271555
4163,989757
4095,783665
3887,132813
3637,674363
3571,808678
3400,907658
3249,747894
3165,603100
3130,164255
2983,013764
2889,761223
2806,935526
2725,475171
2661,264716
2697,691609
2663,505303
2747,774138
2852,344932
3162,905618
3520,234141
3807,928617
4009,727841
3895,711643
3840,301319
3916,450980
3869,784949
3748,989128
3714,994930
3691,404865
3512,815287
3378,908401
3277,550379
3187,522458
3011,061584
2886,577695
2826,141738
2743,085859
2694,976192
2707,519205
2807,112669
3105,457687
3484,533706
3791,735028
3986,134906
4128,526064
4205,827983
4255,642277
4436,735831
4485,331128
4363,004969
4158,913369
4189,524800
4253,817671
3747,707142
3490,188420
3338,039064
3231,750586
3042,069893
2918,994793
2845,392842
2778,966172
2756,692167
2714,200125
2729,932136
3002,668047
3368,147425
3663,975547
3863,848447
4012,208259
4093,668975
4109,990488
4111,669951
4085,838977
4005,574996
3956,713950
4066,202442
3976,542105
3734,276973
3545,487460
3418,274953
3297,488057
3093,281279
3020,869798
2885,127061
2834,798458
2777,330898
2821,535531
2910,082259
3128,645552
3587,005847
3904,075775
4144,159838
4263,468619
4302,023019
4522,078772
4560,126628
4593,640278
4403,120391
4234,478027
4115,915233
3979,779489
3708,072161
3499,089373
3363,254756
3257,847408
3061,262101
2952,665317
2888,951824
2785,011309
2693,883194
2661,839812
2703,293078
2971,752968
3366,885238
3701,856696
3915,351161
4051,246347
4207,226643
4290,661468
4421,537602
4356,252348
4113,283315
3910,545597
3935,553860
3881,409311
3683,572889
3508,523253
3412,865620
3304,397204
3130,133332
3008,927712
3018,298275
2942,798271
2825,799896
2786,703070
2818,307701
3047,226452
3393,388234
3745,175894
3974,643989
4053,633910
4117,554409
4104,125857
4096,323732
4020,621036
3944,271872
3902,485444
3984,906260
3912,597795
3663,428885
3414,669145
3285,455357
3193,386040
3042,262467
2897,198102
2799,263277
2717,525053
2663,886413
2622,977850
2590,593235
2652,745059
2892,973210
3190,432326
3446,499337
3618,538961
3733,915000
3892,458070
3939,911211
3855,873007
3651,239594
3624,686874
3698,976637
3594,333749
3466,802709
3257,896130
3158,767622
3078,686650
2931,367713
2767,308483
2673,219743
2622,218688
2559,312468
2540,348076
2505,304230
2586,405760
2839,060342
3210,032485
3674,918252
3993,956047
4152,451762
4468,815305
4526,107637
4492,621286
4382,647035
4226,743667
4136,441241
3986,754527
3640,847484
3390,628780
3281,526063
3192,133230
3057,016473
2974,821866
2855,729642
2725,815720
2727,910079
2709,673318
2776,623485
3085,291093
3510,816880
3852,595831
4063,452881
4344,559253
4583,867750
4632,460163
4680,797147
4598,941917
4448,266588
4207,221377
4135,701094
4017,420709
3797,455961
3586,581716
3476,021560
3368,590586
3153,927739
3087,662504
2962,573209
2836,366138
2742,363995
2743,093944
2811,616441
3138,516777
3577,660104
3900,100376
4114,624986
4311,879374
4512,037554
4611,534334
4643,620186
4545,139353
4321,414724
4123,088556
4124,762744
4018,144336
3790,844216
3608,072214
3516,943126
3398,196345
3161,964119
3033,585795
2976,387154
2902,705119
2842,570617
2802,463287
2853,484291
3166,878845
3615,083423
3970,771102
4184,613656
4345,384010
4415,927641
4491,958478
4640,972448
4498,754154
4335,883944
4176,872940
4158,888633
4042,308934
3830,430318
3625,747993
3514,370726
3390,424924
3163,081031
3047,286390
2971,199419
2910,358522
2848,821023
2892,439422
2958,807257
3148,523718
3585,224600
3909,987792
4107,310036
4250,701449
4315,030920
4345,864939
4424,733006
4362,938224
4261,851260
4164,860102
4173,241058
4069,105633
3834,234894
3616,941484
3521,668530
3387,014563
3169,438824
3080,655661
3020,615693
2942,357154
2877,626111
2824,019535
2865,029507
3171,097099
3605,299233
3948,087485
4128,812501
4232,665672
4285,428659
4288,350841
4288,099370
4254,496113
4144,281452
4103,171272
4116,572942
4057,335388
3736,540421
3544,020947
3427,667218
3311,430263
3106,552280
2991,115489
2903,203373
2827,775963
2768,449143
2703,750315
2646,946213
2708,973948
2955,775321
3278,264065
3552,896413
3992,956433
4134,923566
4181,529525
4290,613913
4215,593717
4025,154540
3745,108622
3723,825282
3723,007099
3540,552571
3403,451251
3335,886065
3193,713621
2998,641821
2851,317738
2767,840823
2708,448231
2659,998177
2638,167877
2622,265598
2683,469749
2908,824886
3220,587175
3540,829527
3954,862854
4261,395958
4386,732182
4480,421236
4452,132375
4280,955366
4193,703188
4084,461799
3955,465383
3704,348834
3513,976591
3440,244724
3285,197865
3110,075298
3114,360334
3094,618303
2984,919704
2822,093529
2771,635386
2873,293433
3251,399620
3784,077058
4154,744361
4358,211346
4581,812705
4637,737412
4694,496119
4794,087350
4784,716021
4564,958045
4387,798693
4504,764410
4360,594140
4120,593618
3882,121242
3759,490070
3599,295369
3364,315048
3190,104954
3103,268386
3063,889222
2997,972711
2963,358788
3040,138078
3432,570818
3982,731587
4366,808117
4567,182757
4733,900044
4874,670848
5081,864921
5189,595566
5101,669974
4646,885509
4495,503276
4514,017078
4372,153484
4152,268463
3939,712918
3830,186605
3670,044852
3460,155654
3356,913985
3307,805995
3210,278254
3077,845454
3019,115981
3114,612126
3514,280250
4080,778830
4440,798668
4604,320779
4806,706757
4853,560394
4909,010591
4986,646562
4818,155704
4745,747640
4823,141806
4726,310845
4506,720528
4184,919511
4000,706561
3897,634077
3639,726393
3398,391923
3284,685174
3331,280858
3199,943386
3132,806709
3033,877387
3109,962135
3480,481439
4019,877488
4350,669515
4532,209678
4713,004179
4783,128207
4750,070530
4897,535180
4863,453308
4725,534732
4561,334669
4581,494205
4424,869237
4137,815664
3906,677747
3799,877592
3618,981377
3376,716062
3264,231410
3207,840817
3295,489607
3418,006424
3502,155174
3607,845884
3886,832837
4306,796753
4609,546904
4801,482126
5055,658227
5262,183371
5303,314274
5328,123987
5128,504964
5037,886838
4973,947960
4882,036693
4619,057719
4251,234609
3931,238449
3781,854007
3643,784413
3433,182349
3295,519577
3112,368288
3086,662114
3050,513254
3017,441944
3046,464748
3005,539994
3242,262842
3670,248065
4099,403968
4323,247771
4550,033824
4821,776975
4965,628280
4768,245641
4618,069868
4360,813729
4343,421497
4077,303481
3810,951055
3563,599774
3500,633827
3328,060881
3156,187039
3080,403555
2996,681929
2999,753541
2917,499439
2863,732864
2782,287169
2840,144729
3078,863523
3534,185780
3891,489754
4200,882442
4421,998766
4662,620570
5013,284139
4854,016738
4331,587890
4175,230887
4230,662804
4055,895937
3806,268760
3592,778842
3500,104692
3312,612029
3146,779653
3003,120532
2950,153560
3007,844414
2943,422630
2843,133315
2976,756387
3438,062833
3978,053079
4316,388784
4521,237256
4707,739858
4817,765093
4877,276302
4909,358600
4818,975997
4578,022774
4510,214357
4557,909976
4403,840583
4148,277336
3912,642814
3841,278916
3669,795068
3360,306303
3310,514812
3163,413166
3153,489542
3116,691513
3077,466338
3171,971925
3599,443095
4110,262181
4429,774406
4606,802907
4769,315056
4882,772930
4889,555293
5016,654283
4926,785353
4762,462247
4677,350880
4714,519169
4566,023167
4292,781627
4019,115415
3943,827399
3720,773224
3485,342775
3534,470990
3404,270141
3235,297171
3081,412646
3045,067146
3194,813751
3632,732434
4190,873889
4497,105189
4640,591857
4820,473141
4875,852380
4900,714099
4931,750630
4823,239758
4654,249220
4596,185315
4659,012192
4518,722423
4272,275974
4051,919823
3947,101602
3693,798354
3447,050843
3375,275730
3253,049410
3224,169324
3181,363921
3129,988456
3226,601275
3653,082713
4190,671210
4511,813474
4682,319976
4826,312791
5039,313261
5227,595286
5401,474829
5313,314812
5107,300517
4823,603666
4755,494034
4617,898838
4374,403244
4172,797708
4052,208615
3773,842760
3531,394498
3528,483607
3446,420579
3261,070909
3140,558140
3088,485342
3235,196863
3652,367538
4188,420250
4494,986326
4631,412886
4772,975317
4778,034062
4722,428010
4722,504365
4546,360681
4388,376505
4356,149870
4402,956274
4265,075490
3967,656779
3725,777166
3630,307542
3508,083272
3232,870969
3201,339214
3056,281347
2968,554881
2863,172191
2768,750965
2772,644650
2839,593430
3225,619477
3618,741338
3778,172780
3952,416244
4039,754666
4075,552329
4095,482851
4022,452826
3925,166676
3833,809620
3850,477610
3769,899127
3566,661540
3402,449206
3361,371824
3187,746268
3019,067619
2909,213269
2787,561775
2768,005069
2697,567939
2685,153245
2656,742544
2679,233390
2919,262179
3235,754852
3490,876501
3744,478550
3879,986004
3965,400237
4147,525587
4323,038503
4125,755701
4057,703183
4101,870316
4027,910342
3785,164065
3591,740135
3509,778494
3273,613654
3072,030254
3016,509919
2979,619212
2926,595481
2914,541232
2903,579366
3044,642360
3540,397349
4066,752503
4365,796118
4569,396668
4707,046952
4688,850422
4680,056674
4728,157410
4615,671658
4508,484885
4466,171090
4702,135472
4392,157832
4131,827384
3923,057248
3825,710035
3704,384964
3316,250528
3205,761609
3165,030461
3234,655189
3223,089131
3222,472401
3325,564095
3711,141439
4184,859760
4459,708159
4601,429276
4766,867478
4861,387594
4985,252504
5079,104924
5060,552495
4919,975122
4810,839232
4646,911172
4490,304355
4221,150337
4044,519908
3904,681560
3617,933695
3355,896067
3220,780165
3145,111407
3117,348724
3135,515989
3209,820763
3340,698951
3714,551904
4185,698450
4455,276430
4607,139439
5121,976113
5355,803886
5326,748060
5369,380360
5307,632800
5197,626546
5151,427797
4979,211581
4496,076747
4203,456918
3994,117697
3899,311685
3618,691563
3393,549688
3518,513431
3342,443883
3317,357177
3309,097302
3345,828437
3533,441787
3866,843007
4294,674074
4561,715089
4749,370055
5074,311400
5261,679899
5266,431734
5409,582347
5399,703135
5187,169877
5113,023003
4859,678035
4593,711553
4323,699806
4131,166908
3981,244679
3681,372295
3404,422001
3380,500323
3200,684514
3147,916908
3282,138217
3384,784061
3544,991590
3868,295467
4393,878781
4655,100473
4920,317822
5210,768023
5333,340312
5323,013207
5306,582576
5228,150930
5087,445948
5044,655502
4829,963973
4630,555843
4360,142084
4081,987553
4013,659857
3670,667691
3375,878728
3099,953452
2980,130004
2855,758454
2769,751841
2727,442692
2762,108409
2846,699371
3135,555233
3483,412991
3956,379226
4301,114787
4515,419453
4662,221636
4658,176709
4495,974831
4430,371346
4258,074791
4131,518511
3872,633794
3670,239206
3548,064401
3493,194616
3371,202354
3202,867807
3149,029156
3103,610320
3030,793294
2961,250941
2839,838786
2835,766035
2884,385958
3236,459940
3603,225887
3925,282627
4341,310673
4545,151731
4699,062202
4815,750200
4816,380531
4553,738362
4415,163375
4528,188136
4292,217736
3901,661042
3639,942182
3532,921622
3306,325243
3131,465687
3171,892452
3175,844516
3347,281255
3376,646673
3340,164106
3440,902763
3738,189082
4170,395016
4484,238626
4656,311589
4811,780771
5008,827461
5276,709672
5235,297356
4916,850025
4762,479776
4609,500392
4630,280196
4445,011337
4134,258095
3940,474363
3797,836063
3525,392190
3283,089541
3180,995748
3157,050513
3131,225025
3017,698230
2977,571748
3138,947633
3587,020323
4117,835562
4426,121894
4574,794673
4720,189471
4883,327435
5071,921615
5182,753400
5130,203016
4877,842627
4684,832273
4683,424947
4454,330211
4167,757786
3990,315691
3850,857901
3562,344014
3336,933662
3326,782041
3205,136329
3130,013784
3008,635272
2975,628226
3174,685379
3600,846849
4122,159350
4410,277289
4571,424288
4723,247709
4800,618507
4936,167741
5090,169085
5113,996524
4779,279283
4665,098384
4663,980995
4492,830522
4228,760353
4080,151736
3977,632111
3821,197771
3602,998637
3519,540162
3337,523062
3235,462227
3122,833762
3063,861891
3208,403937
3652,669100
4171,452180
4491,234389
4663,578407
4823,066313
4887,896540
4901,213122
4958,452140
4857,905365
4703,919564
4642,333282
4637,355213
4511,619339
4244,755395
4088,669474
3992,334969
3648,850465
3403,467986
3308,414482
3287,672754
3242,303340
3127,447480
3047,378989
3165,404356
3549,373625
4061,072079
4389,106554
4472,777077
4580,350841
4650,740539
4604,589704
4506,304475
4369,011003
4255,758053
4249,610315
4256,571717
4163,182894
3915,958291
3808,385471
3775,703232
3414,445003
3209,013333
3039,873212
2979,956988
2905,758902
2855,623865
2798,534306
2785,776158
2887,354186
3126,633384
3449,934651
3711,393608
3942,896564
4368,919466
4688,784995
4788,135240
4633,448020
4425,875839
4181,750082
3861,752528
3801,756498
3582,460524
3491,179020
3374,171386
3175,466708
2998,158003
2895,142317
2807,844903
2749,378962
2707,709103
2661,383715
2665,472850
2712,518797
3063,650415
3310,646369
3600,194335
3995,459286
4480,344087
4658,971165
4608,603272
4582,317185
4407,601843
4162,834382
4131,091191
4011,978341
3786,740284
3718,292324
3563,383389
3263,718279
3148,019262
3115,315858
2977,133068
2929,011379
2838,636898
2837,894738
3041,923139
3759,468586
4076,332303
4400,194539
4537,449970
4672,481837
4688,915110
4787,558530
4845,894628
4742,120495
4560,754681
4466,829479
4570,225065
4404,970132
4153,885489
4026,144212
3842,908775
3581,876843
3353,168166
3295,021043
3317,999918
3232,645447
3100,626603
3107,330478
3284,303534
3744,750469
4203,209001
4458,594263
4572,416023
4674,249033
4736,927044
4743,497980
4783,293612
4689,217345
4542,998475
4535,471498
4608,725738
4450,516584
4226,061996
4098,975913
3889,531241
3628,610372
3403,663033
3330,372017
3285,543877
3232,993309
3144,889972
3058,136931
3208,416719
3728,474347
4266,904785
4467,513057
4602,332951
4745,778805
4797,130432
4756,712408
4778,790036
4700,252854
4584,155225
4562,764226
4653,903158
4500,802089
4268,252760
4166,416369
3972,548975
3724,100174
3508,705212
3295,778871
3237,145182
3145,980788
3152,899164
3163,138899
3343,675640
3788,593083
4281,420639
4565,910269
4738,942480
4913,658384
5381,746917
5565,275181
5653,153813
5500,071296
5331,863648
5153,818530
4797,330239
4593,987323
4404,314987
4292,105736
4094,387903
3896,396684
3649,918777
3587,883323
3610,640032
3489,120252
3292,091867
3244,821144
3330,806493
3777,911383
4254,798896
4553,065334
4690,263545
4847,663638
4976,794932
5191,629727
5204,792297
5054,186774
4952,872933
4899,085621
4500,542539
4296,328838
4030,529586
3913,322748
3908,927519
3744,230163
3411,873762
3146,629230
3027,163564
2935,152443
2864,673089
2801,477610
2818,517608
2908,133445
3162,066551
3471,372303
3704,851387
3918,874947
4156,054010
4389,860437
4441,815112
4339,734641
4162,926594
3860,901203
3887,335635
3838,216121
3636,285330
3574,665073
3439,299384
3234,328334
3059,096025
2938,875460
2862,937534
2808,337616
2751,024637
2684,569166
2677,113850
2772,073932
2989,649741
3321,443773
3617,432832
4018,748490
4427,322761
4569,488413
4560,186759
4448,221367
4116,849677
3980,642878
4083,903690
4012,067049
3815,828729
3759,656262
3568,822218
3334,539442
3136,951829
3096,851581
3019,705902
3011,969508
2979,638705
2973,378471
3127,375028
3658,411333
4151,838501
4432,714280
4559,514912
4677,337925
4703,756736
4666,212058
4683,545818
4610,185586
4471,641006
4474,910137
4647,000418
4510,349607
4259,432928
4136,723582
3976,037097
3802,974876
3563,982018
3691,074795
3628,891879
3624,716263
3496,619046
3404,170356
3476,484898
3885,111126
4248,309937
4490,572684
4604,647313
4761,347250
4896,677874
5085,036072
5291,031506
5185,319298
5090,028783
4963,073184
4854,658830
4842,520983
4435,669728
4263,446782
4153,435313
3814,452240
3596,011994
3503,805907
3523,440305
3412,348830
3306,953341
3226,226117
3348,704561
3864,047612
4238,242492
4483,728068
4570,787079
4644,920495
4705,179779
4663,870180
4729,779503
4664,208858
4571,652510
4504,076482
4580,882837
4441,148706
4237,809667
4129,665982
3906,382992
3673,689850
3416,115230
3357,854511
3329,696639
3280,205670
3168,976665
3098,926067
3247,723408
3738,496534
4197,615815
4404,185820
4500,438952
4652,824896
4776,539814
4758,207190
4662,793748
4556,649004
4597,770364
4608,351096
4590,391211
4512,698966
4166,060458
4054,332255
3831,615730
3586,138549
3528,115194
3489,514511
3375,515505
3235,398206
3185,663049
3139,222470
3242,869781
3736,002291
4226,329445
4547,265787
4610,118306
4624,497867
4691,256835
4656,878501
4644,315533
4619,207040
4442,169841
4376,371693
4461,389833
4237,064207
3997,750869
3885,406960
3674,240347
3502,785573
3353,437301
3240,324761
3236,764826
3386,616372
3277,998602
3129,126936
3046,606407
3032,274026
3246,615301
3527,216013
3728,780148
4119,556088
4666,710221
4911,978930
4950,629256
4865,336668
4726,813052
4512,888746
4168,492038
3881,601922
3716,921908
3675,801396
3501,631906
3312,483939
3140,738404
3149,744090
3209,541898
3067,718893
3173,397485
3009,373700
2911,996856
2984,827373
3103,397158
3472,476705
3794,000593
4244,682081
4619,947999
4711,386897
4668,430874
4581,344679
4469,181982
4293,348216
4064,863269
3983,904958
3833,356972
3717,874022
3480,381871
3254,976069
3079,708478
3048,481772
3037,107523
3012,779076
2975,619704
2959,988336
3123,364892
3664,990537
4148,171209
4391,986456
4478,234480
4579,693882
4590,551325
4548,847900
4573,324134
4515,003731
4389,659429
4390,702000
4508,998400
4408,825766
4230,372270
4100,977762
3825,599510
3610,895433
3345,885546
3266,381014
3206,581691
3165,543345
3092,225978
3034,935699
3195,474368
3725,948295
4196,023176
4404,309836
4467,373636
4751,967918
5068,022778
5056,730200
5191,744034
5200,322714
4914,319190
4661,600734
4602,131723
4431,467920
4242,425483
4084,773980
3835,175418
3555,957474
3333,026064
3287,653963
3311,330895
3157,681408
3064,460232
3023,271688
3190,240261
3726,758906
4228,903954
4537,042159
4818,061704
4896,122197
5026,692579
5360,116478
5528,953148
5584,685279
5242,310097
4831,442915
4707,010155
4479,717864
4252,731671
4101,652286
3889,669093
3645,526033
3374,026387
3464,679054
3318,454506
3152,831774
3074,183372
2995,900775
3185,097766
3719,344152
4218,292806
4512,375523
4611,292673
4845,427605
5121,418504
5522,964898
5619,500182
5568,198710
5289,615831
4805,148640
4693,398227
4463,730908
4305,394608
4113,428512
3871,153293
3597,877436
3393,178993
3437,646988
3295,554964
3216,500759
3089,844666
3086,833483
3182,349108
3701,139893
4278,659057
4554,469002
4650,791998
4813,739501
5070,269055
5370,977414
5554,003374
5471,616876
5166,324068
4657,865497
4482,091962
4250,214571
4041,565267
3884,839502
3601,808095
3387,544385
3200,947280
3116,196720
3063,293825
2972,678300
2855,957887
2774,205928
2786,046345
2941,532359
3190,067896
3546,427820
3878,147262
4498,998011
4919,321242
5114,699146
5079,660574
4878,036304
4666,306876
4208,013195
4054,600763
3888,232457
3708,336359
3570,771485
3370,873801
3184,595468
3034,509382
2907,448426
3009,377428
2802,856900
2715,942884
2659,155128
2667,448826
2772,393339
3001,466425
3337,598478
3695,997779
4257,985524
4648,997066
4835,217673
4654,167105
4550,437253
4595,298232
4184,322940
4265,302880
4038,364955
3863,923689
3699,419703
3486,757126
3378,038396
3093,893608
3077,992754
3102,494509
2996,626408
2899,590051
2881,709264
3075,068237
3660,796996
4178,785517
4492,714780
4657,409045
4912,643944
5117,296229
4866,959606
4815,716914
4705,379759
4544,430636
4459,676449
4581,929670
4433,654107
4287,116549
4050,012470
3792,311885
3536,783267
3323,925857
3291,920454
3313,859851
3187,763747
3041,220612
3016,350591
3183,748412
3752,952172
4320,818176
4525,266255
4648,408519
4711,315741
4754,223405
4742,168890
4732,991024
4634,471791
4489,267727
4479,664919
4649,485245
4522,254569
4364,451364
4143,377542
3917,436530
3679,213761
3710,469950
3858,769730
4035,196543
4039,320577
3836,122352
3698,565957
3807,701710
4156,956072
4553,116243
4783,930539
4849,838532
4950,955106
5055,870169
5051,440108
5092,656478
4922,377688
4739,390569
4578,645747
4636,062874
4521,029276
4373,936549
4249,419553
3914,344148
3602,752976
3379,291553
3360,510035
3311,263038
3265,969791
3239,110214
3233,307563
3361,311554
3861,537327
4318,510763
4574,679084
4743,302364
4930,497576
5150,675881
5219,282850
5355,022285
5310,128782
4978,191377
4867,886178
5247,346734
4735,780919
4541,907826
4370,766137
4079,073649
3789,256831
3707,298470
4150,150110
4129,025881
4138,383215
4127,455064
4030,874729
4061,033737
4296,713114
4520,004038
4738,836137
5036,245139
5267,976552
5256,380332
5212,429510
5249,114154
5178,242094
5066,259314
4959,147605
4670,096160
4530,209126
4333,657450
4148,038947
3943,035383
3797,261629
3586,251958
3802,585961
3795,947253
3718,186219
3654,054260
3477,352274
3383,131671
3423,693225
3608,353344
3876,105639
4172,067535
4751,627771
5025,251368
5036,807728
4993,805284
4849,279547
4814,921680
4551,381137
4265,927326
4211,035869
4137,332947
3921,534362
3788,343067
3610,691072
3473,114374
3442,867457
3328,929017
3225,782963
3103,008979
3016,232284
2992,615820
3065,614204
3264,787294
3548,377489
3812,384174
4512,592032
4841,585590
4834,628966
4809,212286
4640,942458
4486,418207
4012,163611
4149,021808
4143,765231
4052,623857
3858,554835
3628,850100
3431,001569
3273,259804
3565,911243
3794,415769
3846,698989
3848,166623
3750,061644
3606,819193
3964,835528
4403,657406
4656,923870
4745,521975
4909,393772
5217,239465
5477,388562
5566,862001
5464,825360
5129,000499
4843,630366
4852,530870
4787,792945
4685,482061
4444,936629
4234,828197
4058,524612
3958,956130
4248,760214
4313,476678
4230,166199
4066,239438
3867,683595
3890,315915
4236,011674
4627,136128
4847,504842
5004,697961
5093,955971
5200,932204
5270,323745
5269,800623
5035,390294
4866,897907
4890,666838
4972,369808
4798,416723
4681,308011
4495,434538
4226,587524
4019,180228
3760,005678
3793,656815
3834,962659
3713,320315
3607,587102
3626,484380
3814,726536
4223,844371
4674,448037
4914,691129
5071,690600
5361,602795
5406,804705
5228,868275
5205,448156
5063,423310
4857,100261
4861,765664
4921,890593
4723,133562
4612,352859
4362,727304
4130,449241
3873,072893
3622,347329
3756,615926
3788,476100
3708,684127
3533,985360
3598,509365
3700,656252
4184,306193
4681,131775
4872,708287
5032,237946
5131,056078
5182,527480
5459,390297
5426,428272
5376,615767
5019,555919
4615,331812
4698,085033
4646,063651
4590,295882
4434,546267
4192,623373
3877,658958
3751,616951
3765,512410
3701,989718
3589,418459
3473,795507
3397,743698
3564,794956
4094,523988
4623,896075
4851,345253
4965,988069
5036,870335
5001,117809
4799,968282
4737,030099
4503,740970
4417,713841
4365,226431
4512,550017
4473,719516
4351,455458
4224,163673
3920,485044
3661,604765
3495,208424
3460,632146
3434,839026
3379,729022
3359,504883
3264,644377
3211,226518
3317,748359
3572,015742
3839,984827
4077,275177
4206,680098
4302,408855
4317,605249
4344,119500
4179,662113
4064,034107
4043,943534
4149,124842
4167,643009
4095,687954
3895,855265
3726,491885
3548,100903
3377,154683
3367,338925
3347,425886
3328,766346
3278,994450
3226,981441
3236,706094
3296,358989
3551,227288
3780,335454
3940,495470
4255,276725
4564,778978
4699,569631
4770,773874
4739,655934
4586,578226
4139,764887
4231,953811
4245,743875
4161,670088
3978,303080
3840,681702
3619,371933
3507,370805
3836,287737
3773,593949
3777,645964
3708,386819
3643,337305
3782,117699
4115,224581
4727,354752
4893,209428
5092,250160
5183,782323
5221,653356
5216,301142
5187,623516
4996,056349
4797,882861
4788,110161
4934,897660
4804,989497
4617,764752
4325,163140
4061,413545
3778,025692
3563,109275
3541,604732
3555,699545
3547,567424
3550,612833
3454,352837
3502,069543
4010,491415
4605,870080
4803,674964
4881,350092
5015,209615
5035,969036
5022,640401
5035,263799
4941,682336
4788,269908
4810,314493
4975,746963
4878,510367
4665,554621
4353,400958
4107,538862
3824,307432
3625,696529
3706,829845
3718,380133
3737,934401
3680,820258
3618,315642
3534,724011
3984,196569
4539,218909
4737,324847
4897,866337
5051,122117
5022,106099
4956,076561
4958,867642
4871,457588
4765,448895
4719,720773
4874,087837
4789,404994
4681,902779
4447,005383
4153,766344
3798,903228
3649,231966
3572,456640
3731,012605
3870,281354
3904,989305
3935,683965
3983,880954
4155,828667
4607,481784
4884,491762
4989,431040
5111,549864
5187,290724
5327,520053
5494,152544
5394,490526
5133,431349
5189,091875
5222,907656
5235,784936
5210,054825
4951,959131
4939,162540
4612,406612
4276,792367
4437,890029
4453,114329
4272,151060
4132,730037
3953,784116
4059,218364
4408,780681
4875,774981
5012,411171
5002,822781
5158,115274
5256,908415
5202,814900
5143,106170
4917,609938
4880,471748
4834,679836
4804,792255
4783,395221
4639,652817
4435,589430
4192,492974
3838,947632
3615,904292
3566,196459
3498,802388
3462,089210
3327,750481
3276,335700
3251,133366
3365,647168
3674,512889
4002,241754
4197,372193
4501,277240
4604,763785
4674,128715
4711,914989
4509,832807
4356,767392
4391,771517
4459,775744
4601,703807
4386,584952
4234,125893
4057,938700
3956,804327
3967,393956
4289,203888
4252,647191
4179,907462
4062,174094
3990,103286
3922,057138
3913,058523
4082,899924
4076,501327
4416,576084
4857,932843
4856,551298
4900,464251
4859,756138
4761,854924
4574,349864
4521,798111
4703,082641
4557,140113
4341,092839
4165,163490
3974,173718
3834,349176
3665,240210
3802,680758
3744,987874
3689,830581
3563,285174
3556,898952
3655,095990
4068,721677
4598,696633
4799,294997
4860,357137
5004,977351
5044,873584
4940,554679
4938,713839
4842,615136
4690,903054
4624,531575
4779,825539
4793,356867
4613,550497
4319,785539
4115,709316
3887,229407
3694,640097
3657,362913
3671,641793
3577,277991
3547,408416
3503,897237
3620,855337
4127,276671
4660,547789
4890,239030
5000,645465
5061,488529
5392,641451
5386,182116
5368,649769
5253,355980
5069,829547
4803,670746
4773,775345
4815,278793
4750,113933
4515,267946
4235,942082
4082,430951
3956,031717
4162,710764
4329,953875
4510,856451
4442,578879
4305,306322
4315,950839
4436,177700
4850,564260
5117,191653
5332,113627
5622,790387
6065,918712
6351,130189
6214,392105
6044,492596
5841,970184
5497,070613
5310,304529
5262,193258
5120,638705
4836,700212
4794,926086
4545,966283
4543,222674
4487,343764
4441,297492
4414,558045
4402,516198
4288,832963
4019,576678
4233,933566
4811,951021
5058,645661
5272,055343
5522,040271
5543,499540
5495,064532
5246,747774
4906,203775
4745,997393
4719,661154
4919,351782
4927,591687
4701,111882
4350,752243
4129,439028
3854,754586
3617,831063
3687,368924
3570,271487
3461,218983
3362,873948
3289,198732
3414,822045
3793,374418
4320,697413
4594,050701
4713,314348
4843,668878
4840,414408
4887,033431
4748,131762
4581,020576
4418,602287
4434,650043
4539,150700
4519,152968
4281,488695
3993,608493
3822,840691
3634,248767
3482,776756
3451,086161
3430,864797
3362,777473
3319,227444
3212,453678
3159,829811
3239,691659
3505,221116
3763,744252
3955,749462
4102,571720
4191,907248
4164,444863
4150,560289
4059,877942
4057,780075
4078,173634
4331,232680
4415,167605
4192,979207
3947,384213
3756,270228
3560,526678
3433,589433
3462,102492
3450,505503
3295,364092
3188,509206
3195,630056
3232,653152
3392,137457
3492,576358
3677,067174
3982,977180
4658,766043
4834,940504
4894,862321
4952,702414
4979,487250
4776,732474
4706,882601
4683,557473
4741,514812
4558,476922
4513,561215
4503,960200
4355,660954
4289,626469
4528,432403
4464,599909
4361,908756
4073,474941
3987,774453
4236,147152
4630,281638
4943,181487
5056,447239
5084,962114
5230,411623
5383,844702
5283,307061
5233,974725
5195,474094
4957,420441
4755,707736
4965,976480
4843,659909
4624,540975
4304,282920
4105,562293
3837,648253
3586,863489
3502,269554
3483,954273
3470,587427
3375,633591
3365,416633
3513,123920
4055,873486
4655,576008
4873,582912
4899,690389
5007,721090
5120,209309
5335,070376
5490,383366
5337,227619
5145,875371
5018,805787
4957,264418
5026,411336
4825,375117
4555,128541
4286,534038
4001,035467
3862,397402
4044,853786
3768,912226
3580,669143
3464,826401
3445,336384
3577,227337
4127,006971
4763,747008
4949,609181
4938,786959
4968,213002
4966,772134
5015,437923
5032,703073
4917,601732
4763,150326
4687,006265
4863,559812
4987,985147
4669,609461
4402,480987
4152,618469
3894,266027
3659,753395
3776,280288
3731,321758
3709,103556
3731,292053
3559,922214
3708,236212
4090,239991
4685,141890
4870,190203
4934,268816
5037,919256
5001,977935
4993,462120
5017,389602
4998,972835
4852,180458
4742,818803
4933,484326
4980,725498
4766,760380
4481,549417
4256,636215
4051,654656
3778,383941
3936,671183
3873,150962
3739,242093
3514,652581
3391,805906
3557,616759
4061,860319
4648,656845
4902,465066
4945,517340
5108,943290
5116,494669
5061,908114
4988,287968
4744,089557
4634,853093
4598,198135
4760,210088
4756,687022
4448,970571
4157,024799
3953,368544
3762,837192
3558,951278
3468,634685
3467,944486
3441,226247
3301,085131
3217,421143
3167,120317
3248,457470
3540,533684
3807,776681
4068,423568
4266,761999
4416,267462
4543,487178
4458,135509
4290,387805
4087,999398
4140,242450
4324,892393
4412,486442
4176,156295
3910,101612
3721,935843
3564,849237
3458,919268
3465,873114
3492,291859
3528,892491
3337,041024
3208,619108
3169,689285
3103,770608
3286,014911
3532,982995
3840,672005
4107,657007
4484,176350
4770,408880
4952,710431
5005,691155
4663,527566
4381,264541
4309,079128
4738,151246
4605,856141
4323,468461
4164,595973
3956,674058
3787,008206
3695,949855
3644,270237
3678,910730
3683,861046
3623,942161
3560,238916
3886,417160
4500,405014
4810,026695
5064,866789
5131,128315
5191,579248
5211,509837
5078,892074
5026,421143
4907,243829
4886,180281
4968,781644
5271,057157
5046,879554
4681,067839
4395,163485
4156,096472
3878,384276
3663,815989
3719,055560
3674,985112
3612,317334
3471,898072
3363,558532
3524,037548
4100,860190
4643,636951
4836,897455
4903,650170
5012,324496
5028,634187
4982,428179
4901,585434
4799,766213
4711,002479
4760,465528
5122,950094
4944,079406
4589,787029
4317,211153
4147,993923
3932,449402
3710,247587
3682,905051
3701,255725
3745,804844
3813,560100
3780,679323
3896,159524
4345,729164
4850,821038
5051,026356
5198,789838
5524,473440
5617,174223
5529,721796
5437,460450
5153,432947
4894,843207
4915,300244
5258,155008
5132,534428
4752,715728
4475,481057
4303,180392
3991,001597
3770,604684
3698,246873
3661,479143
3668,575199
3777,782041
3783,100232
3938,455379
4380,177701
4882,418320
5078,204439
5255,457957
5552,447412
5573,810861
5587,224894
5550,107903
5496,376562
5479,316565
5424,678079
5659,321115
5539,566336
5196,948306
5094,775461
4837,227392
4633,969803
4504,623919
4772,560232
4842,421372
4829,530645
4658,751007
4569,915767
4567,781187
4901,994486
5449,527137
5601,360100
5665,010972
5785,036755
5770,105137
5761,284235
5695,437165
5548,804124
5600,919714
5532,723085
5606,204653
5182,114087
4938,339681
4778,373718
4892,521050
4581,187863
4341,758756
4026,364096
3723,985631
3495,110175
3436,026045
3319,534760
3399,702259
3538,341485
3865,885802
4149,735968
4290,768912
4366,583383
4346,977328
4295,717665
4190,944639
4132,857351
4111,903280
4342,250756
4728,172918
4671,299800
4338,558282
4141,458435
3917,060103
3739,546998
3652,159612
3578,734468
3522,362082
3488,619344
3463,418467
3447,216497
3534,529059
3639,491446
3924,348747
4168,644467
4472,765329
4699,644348
4876,177430
4899,544664
4859,688845
4714,751653
4630,286529
4725,795169
5003,788362
4906,853813
4560,787096
4273,920571
4182,014841
3904,784576
3580,417301
3643,693211
3537,846263
3412,585599
3344,723628
3269,792810
3481,784847
4114,181402
4640,037999
4982,075998
5023,456640
5103,445556
5110,795760
5056,791748
5036,354897
4941,732803
4822,152696
5163,744525
5326,540139
5066,829843
4689,786369
4450,141661
4176,581242
3957,107233
3773,464359
3992,855075
3829,241550
3695,283780
3532,914602
3427,252022
3670,123947
4362,055910
5115,909222
5045,477625
4989,378747
5137,747941
5168,344400
5117,627615
5088,402266
4976,329115
4949,497652
4960,439423
5321,847877
4998,283529
4680,357550
4426,246563
4212,651020
3973,521597
3829,899573
3818,582221
3786,516670
3820,751667
3750,660203
3631,367419
3748,463652
4311,884079
4732,850542
4972,138734
5077,677341
5163,755488
5154,012548
5089,785283
5125,308152
5042,680004
4913,449274
5006,897776
5254,377209
5048,956164
4820,449724
4453,976911
4317,927663
4017,750240
3864,602729
3909,342834
3938,554244
3954,107658
3829,392412
3778,393104
3752,151578
4288,308849
4696,448627
4947,928862
5208,366088
5135,648990
5151,964095
5120,063472
5081,354629
4970,904583
4909,006601
4976,846804
5228,021061
4999,731565
4821,178767
4413,474079
4235,391743
3963,380534
3791,321400
3848,642413
3936,117145
3930,760742
3904,387119
3800,543269
3708,413698
4233,266673
4704,020909
4941,749394
5019,687122
5113,506619
5076,987682
5003,043650
4938,152267
4754,055649
4769,019991
4927,225622
5089,099761
4870,920261
4615,098713
4375,796013
4599,733459
4409,911426
4211,123544
3698,022636
3586,171532
3471,721679
3364,396766
3274,884525
3313,586290
3479,594639
3755,730793
4041,664063
4269,995185
4430,501479
4498,745367
4514,364314
4494,739591
4456,494055
4446,328593
4614,210075
4839,930199
4623,534147
4303,348742
4086,188934
3949,659102
3770,739850
3623,938495
3661,773603
3666,831385
3607,483656
3518,427374
3370,010979
3297,284995
3397,275451
3632,221892
3938,574974
4195,656622
4379,322317
4478,554609
4521,644779
4549,822201
4520,473218
4590,234091
4802,264460
5048,502214
4734,944325
4413,642263
4207,677956
4028,881720
3865,991510
3707,824081
3733,030970
3791,496989
3766,301347
3700,771966
3620,695841
3665,879580
4183,764492
4769,185551
5029,441355
5115,344428
5285,910916
5233,755267
5180,029487
5195,130649
5142,482830
5002,573807
5142,195927
5431,866052
5183,291353
4833,070498
4559,768406
4367,431442
4126,951065
3943,177994
3971,926426
4047,082237
3989,805846
3783,040211
3708,876357
3852,171195
4350,185053
4951,639716
5148,726643
5256,863579
5395,200078
5474,679503
5494,014984
5262,376922
5052,525606
4949,589913
5137,174353
5402,427682
5189,542123
4884,880125
4606,266166
4402,022993
4166,450200
3986,230916
4025,034518
4028,888036
4018,011535
3891,513950
3741,898810
3937,752486
4412,570708
4922,886064
5140,690047
5188,353692
5243,497637
5295,368718
5149,025962
5167,363490
5191,938320
5218,986712
5322,437213
5525,127509
5277,583334
4963,292267
4693,787382
4597,265022
4415,939114
4382,797890
4497,552352
4538,327123
4413,222118
4248,751965
4146,429014
4569,194231
4680,647265
5019,214472
5191,554357
5261,600846
5314,836451
5287,003637
5082,706902
5073,255462
4969,024185
4873,545796
5084,559259
5419,439839
5201,719650
4901,831147
4669,216991
4504,282897
4367,244039
4073,644235
4118,783667
4080,183868
4001,769136
3921,313340
3907,757943
4092,783290
4511,961756
4955,142193
5141,600471
5200,438009
5322,658798
5267,038416
5171,124488
5038,287602
4898,051541
4853,494585
5081,841635
5331,800143
5169,088539
4926,119551
4840,963150
4781,254274
4588,171915
4445,005655
4528,383206
4953,738710
5043,114099
4870,323706
4623,930189
4506,729264
4537,057048
4697,020302
4742,986286
4861,363463
4860,951015
4908,394405
5031,077132
5135,139680
5127,819043
4900,477369
4990,902383
5091,846270
4884,237149
4653,549309
4554,925673
4411,767986
4349,809272
4272,197607
4589,271550
4535,526864
4289,127727
4148,427820
4090,745883
4073,588263
4090,890864
4287,757496
4587,298323
4766,561866
5036,969208
5279,827377
5380,723832
5186,557099
4954,222168
4890,693775
5079,511235
5402,337469
5188,831728
4881,004406
4726,708664
4573,282204
4458,724177
4356,438582
4393,269539
4359,304545
4431,291091
4291,965851
4318,915107
4692,477558
4835,024393
5278,216738
5380,955174
5447,993683
5685,483068
5624,884713
5487,369067
5574,045510
5436,843958
5391,010358
5530,329124
5776,480518
5541,033978
5243,981960
4839,469598
4613,093944
4347,677541
4180,431195
4244,082979
4258,774225
4291,883300
4211,686569
4111,726196
4212,583713
4700,643021
5224,814077
5489,845241
5517,356816
5578,509724
5500,075211
5461,716250
5476,868962
5414,565874
5356,938951
5556,673389
5784,154165
5558,814829
5306,436247
5037,948042
4851,052278
4561,980799
4452,585189
4429,536472
4517,464031
4588,681877
4502,971347
4373,196851
4431,297637
4859,767018
5396,438226
5628,926040
5746,304198
5909,292237
5891,372914
5833,224015
5783,093579
5658,966407
5483,135949
5733,474343
5924,316970
5726,455313
5396,376935
5120,842867
4912,984244
4679,453643
4577,413114
4602,765563
4624,077790
4634,525279
4563,231044
4402,873098
4449,250030
4963,136098
5609,739659
5778,754669
5852,234586
5954,561274
5916,581945
5773,648058
5693,842256
5622,640956
5601,949001
5791,435027
5990,626141
5805,988020
5541,747913
5284,164258
5125,436921
4885,486580
4750,867098
4652,862921
4685,416772
4699,161592
4739,329044
4710,848311
4733,056475
5110,904066
5686,291189
5900,918103
5941,742603
5938,775196
5933,256287
5882,246192
5851,613808
5784,288350
5719,346248
5883,317267
6085,516635
5794,830902
5427,055023
5169,978706
4957,060657
4884,428303
4899,264076
5068,320579
5148,443245
5132,507536
5103,978978
4942,904800
4788,918756
4842,323807
4891,326579
5047,777106
5260,044533
5312,516858
5284,789342
5346,411581
5180,368182
5046,771711
5085,668407
5509,299514
5751,080832
5697,795018
5388,498325
5200,052944
5139,287851
5023,595628
5016,716369
5144,540030
5233,372997
5244,788910
5185,479577
5075,526749
4894,326009
4901,552306
5101,703156
5320,979992
5508,081735
5777,490000
5864,390922
6045,858569
5909,035444
5853,241223
5729,290144
5625,918833
5885,843253
5660,397972
5441,143267
5344,613135
5218,497809
4883,385904
4811,480596
4896,952759
4824,758653
4692,653584
4714,054120
4466,499706
4646,136551
5029,397438
5310,352239
5458,588225
5642,213623
5736,547445
5739,319649
5775,086571
5755,954701
5599,069765
5471,876182
5611,400404
5863,189793
5673,487949
5316,688631
5088,512110
4968,106569
4786,819917
4554,794955
4480,791457
4596,291339
4292,180132
4408,348011
4165,133572
4457,592560
4853,576772
5390,059269
5595,803516
5671,194177
5830,127249
5775,590678
5756,730050
5609,717794
5609,248564
5442,321621
5563,332935
5734,201035
5493,141382
5212,466756
5063,404566
4910,655581
4801,105136
4480,874681
4309,353211
4213,290307
4069,030738
3948,605716
3864,622126
4057,090558
4585,323554
5150,673582
5344,536986
5359,491969
5459,226984
5360,038478
5328,959019
5311,321740
5299,451340
5267,283475
5438,559927
5610,663045
5512,991776
5191,335789
5066,475162
4970,582534
4782,364608
4708,911868
4797,782111
4904,823297
4946,157387
4843,807715
4468,310347
4598,349582
4980,069754
5380,807670
5508,251819
5702,409752
5804,220795
5725,567725
5660,659719
5640,886321
5600,166399
5522,739309
5554,661930
5706,527291
5497,227994
5167,642449
4881,849309
4686,293757
4489,970022
4328,654601
4360,123071
4388,404876
4378,491929
4226,928769
4069,659162
4180,630999
4720,413987
5295,291577
5511,085549
5588,839396
5671,541919
5628,935170
5485,973375
5427,974476
5327,702732
5275,953463
5422,132014
5596,647125
5419,637358
5079,424204
4767,957411
4737,068257
4363,302393
4222,486717
4318,318866
4538,255096
4544,554326
4623,629628
4616,042147
4621,081602
4600,003910
4754,282914
4979,492896
5284,407062
5419,047234
5382,716643
5366,113848
5106,003932
4852,373288
4871,797658
5051,240063
5211,046918
5101,638697
4898,578534
4547,291746
4342,232127
4203,955068
3997,462559
4054,405618
3983,842151
3946,118369
3954,394782
3860,253800
3809,888335
3849,567289
4123,219811
4306,824363
4577,011874
4660,415381
4717,884946
4729,926508
4822,323991
4661,088220
4679,065868
4981,109989
5432,244224
5337,749227
5055,493136
4897,307337
4899,666004
4757,322505
4505,516830
5079,645790
4963,237569
4767,441280
4580,608853
4303,187857
4451,324667
4836,964658
5338,090933
5521,709042
5637,626622
5791,896468
5701,479328
5637,012788
5564,977127
5434,178292
5471,517685
5568,940944
5701,806820
5458,278780
5085,608769
4797,249790
4600,890860
4455,668957
4269,035660
4247,235828
4245,657484
4151,200163
4021,739255
3928,835260
3989,667952
4561,165606
5211,728342
5458,909333
5605,241076
5760,208290
5798,611659
5712,604048
5708,554003
5602,368869
5486,499029
5636,871954
5814,381450
5575,681888
5260,178544
5023,648193
4831,730394
4664,753990
4483,572003
4504,422241
4450,884193
4404,004292
4428,109851
4360,968612
4300,323895
4918,918701
5338,839089
5499,620326
5630,329762
5703,564854
5669,740538
5609,637693
5578,058512
5526,309937
5473,980197
5721,457267
5819,390605
5658,199256
5310,599562
5061,787119
4910,261362
4686,336064
4450,346908
4500,184073
4437,958172
4433,040567
4437,209718
4451,393105
4606,697579
4980,609251
5418,068103
5651,125455
5780,961315
5879,808183
5908,352436
5838,628992
5819,629621
5899,290218
5879,964483
6040,761308
6254,778539
6230,682090
5866,627261
5738,112433
5622,252523
5492,278312
5325,156697
5415,457429
5669,682963
5612,036910
5399,228743
5294,442808
5197,952261
5077,383276
5428,933163
5573,113151
5643,598452
5744,257398
5762,876662
5691,056537
5529,876072
5382,680073
5368,547923
5461,284309
5552,965438
5349,841155
5073,253869
4799,740646
4570,635034
4405,532339
4149,361240
4144,615819
4109,006189
4150,611529
4271,457278
4400,355945
4364,069940
4554,011642
4728,293561
4824,751528
5081,255419
5236,475428
5312,921363
5504,064562
5296,038555
5276,615129
5375,417349
5481,037153
5397,179016
5299,234002
4775,727574
4580,684413
4422,938603
4214,492056
4150,648529
4458,091251
4408,346926
4259,441424
4301,017444
4343,899493
4201,028089
4233,409214
4492,885132
4693,771980
4727,934790
4793,361141
4858,293143
4937,850349
4883,241118
4863,037515
4981,208170
5278,059795
5507,972338
5323,765429
5141,862851
4981,854532
4828,975183
4779,230827
4689,261611
4796,251051
4713,511055
4918,912254
4957,938693
4893,042825
4959,957466
5340,307542
5632,063087
5804,240663
6085,275740
6046,001795
5990,606589
5905,940631
5853,212068
5838,267125
5657,256424
5791,420381
6032,003991
5711,399761
5484,983060
5194,080164
4902,418507
4700,206063
4528,062082
4661,322895
4573,605349
4419,273599
4276,381647
4099,744454
4164,481833
4795,452680
5373,747646
5626,225597
5715,698349
5766,508133
5746,101775
5686,689386
5641,082746
5613,001701
5608,045723
5791,570072
5941,294674
5722,557465
5409,965291
5155,746051
4947,327932
4753,037517
4573,359945
4629,889214
4720,957267
4661,194528
4453,992706
4238,308045
4341,954248
4825,538608
5379,555226
5584,243393
5673,108679
5659,949024
5603,830193
5500,426211
5490,638788
5499,582308
5404,892473
5537,365516
5761,278280
5458,718866
5124,771328
4926,970121
4778,526847
4581,631068
4414,055409
4502,142257
4533,916731
4578,580884
4390,841015
4208,333000
4254,754556
4754,199041
5241,243558
5475,049348
5488,798540
5557,302650
5558,513699
5486,791674
5446,077897
5339,446616
5271,153917
5396,443899
5485,130153
5322,581192
5066,701962
4817,949845
4687,894274
4550,429983
4427,814849
4435,928983
4470,861513
4432,308591
4395,038259
4275,299395
4304,910606
4862,516820
5339,725598
5504,804101
5525,907967
5590,200737
5600,704521
5542,627245
5487,611753
5280,698985
5272,803100
5434,143455
5544,940312
5366,594465
5049,092906
4801,918208
4703,877957
4510,671503
4335,953365
4231,609057
4244,028686
4181,170706
4140,884341
4088,701325
4066,216219
4137,942388
4446,381375
4588,273596
4814,088012
5218,345385
5466,203677
5517,359625
5515,745588
5519,547673
5409,088981
5440,647361
5521,372907
5561,849678
5259,042415
5106,933817
5106,170448
4943,269181
4755,797420
4746,913294
4861,009828
4860,801185
4616,614953
4468,617627
4333,778462
4329,250784
4483,048533
4674,338619
4911,425564
5022,285520
5198,163209
5259,300769
5292,599147
5390,261394
5369,163193
5522,231521
5709,609929
5607,894131
5431,572348
5366,157103
5263,200350
5126,168435
5012,690461
5318,141705
5258,864996
5122,830882
4996,572956
4786,983836
4799,962592
5276,017675
5518,281536
5741,159597
5905,647177
5952,456343
6035,862387
6011,494370
5973,468106
5909,335948
5781,124092
6017,201270
6166,328756
5932,862580
5672,605565
5352,002806
5213,852438
5124,835787
4914,813547
4897,281516
4872,524701
4765,023630
4526,702788
4434,207201
4607,387692
4865,735494
5414,495902
5547,801934
5575,319783
5484,045359
5435,744036
5382,406128
5341,036780
5200,460703
5195,442974
5369,362919
5546,103482
5323,504435
5002,317120
4730,322224
4547,542041
4388,233338
4310,286517
4534,232880
4405,927121
4562,775977
4595,965031
4651,696392
4798,047665
5163,528211
5508,012176
5680,583034
5774,450352
5983,541908
6040,995847
6018,508308
6023,642294
6040,802814
5956,379969
6040,988656
6165,266378
6076,014004
5804,800647
5583,642935
5471,047485
5162,073594
4958,034628
5037,498992
4862,342478
4830,861466
4920,572978
4862,828299
4697,673758
4893,900608
5314,447410
5590,093832
5461,861404
5600,611458
5793,296492
5937,983597
5963,562516
5668,815230
5584,095889
5724,418371
5967,072118
5864,189818
5942,602207
5573,520808
5410,809357
5291,434950
5046,108972
5216,576866
5166,443443
5153,618016
5035,075307
4931,279693
4990,327363
5288,157531
5603,812260
5891,751500
5938,199283
5905,632995
5687,224045
5787,217662
5606,876224
5370,271754
5262,487215
5379,335383
5443,713276
5363,620231
5108,232321
5005,223559
4924,151469
4786,553869
4910,340072
5122,873699
4992,610071
4914,189900
4735,313480
4506,563324
4391,574168
4471,645540
4632,706538
4873,690771
4932,343997
5122,003483
5198,678579
5281,183785
5260,370489
5271,660047
5224,301272
5303,107197
5547,456650
5460,072239
5195,708663
5179,482351
5156,002211
4960,563264
4882,617468
4994,082735
4960,392473
4939,083870
4763,301957
4643,404674
4456,527766
4560,166055
4695,927793
4981,448935
5065,323195
5140,288409
5151,341730
5185,176731
5084,067202
5068,741606
4995,178264
5136,569359
5287,024741
5164,319833
4948,533390
4822,859821
4848,178344
4689,905936
4598,368470
4569,531357
4516,891741
4643,634232
4779,215035
4599,868538
4467,493072
4547,432991
4744,760144
4979,526052
5232,677693
5494,633865
5569,659267
5520,187108
5522,081773
5373,854802
5191,289714
5203,404977
5372,672601
5158,250862
4845,161327
4539,840094
4385,102076
4197,574447
4023,157792
3978,497032
3882,891983
3807,410101
3810,057200
3732,864037
3566,753331
3629,201844
3924,276356
4228,603839
4455,112959
4569,824230
4691,571309
4698,177446
4716,362443
4706,877812
4819,275637
5163,967058
5288,673832
4692,799926
4300,642083
4071,492029
3838,509767
3724,523776
3815,386625
3942,195984
3772,057809
3624,613698
3648,839180
3683,239843
3618,100183
3641,923530
3740,549748
3821,495453
4025,530244
4196,617548
4326,702276
4388,636071
4388,112795
4222,606396
4220,875347
4377,307331
4497,486688
4473,422998
4214,000395
4086,492702
3934,971847
3721,421115
3607,849936
3589,407991
3611,473556
3515,995861
3478,822452
3367,705251
3300,923703
3400,599535
3568,601472
3841,234567
4092,742037
4321,022460
4423,922899
4417,694210
4298,874990
4206,624032
4173,370722
4297,901912
4411,770718
4330,169371
4177,549442
4035,030184
3915,289429
3742,289097
3567,122852
3630,478067
3650,373308
3584,089085
3491,645964
3375,471326
3347,427602
3601,649512
3943,763085
4301,697672
4461,881812
4647,086886
4742,433163
4761,121297
4735,393390
4663,032923
4621,592337
4752,028567
4918,520405
4779,156003
4532,875125
4288,524080
4106,191353
3894,385669
3766,694595
3792,044857
3762,756772
3719,680301
3669,488490
3582,594734
3462,173408
3495,418010
3689,950120
3999,959522
4263,303902
4531,030547
4603,842438
4618,894136
4577,774964
4537,098586
4533,066810
4709,694990
4876,978708
4772,786422
4517,032854
4316,755927
4205,310336
4044,287239
3904,000909
3781,634350
3713,547466
3632,120991
3638,452913
3759,864542
3754,587135
4030,690140
4302,243205
4640,342741
4854,479046
5255,220748
5400,776887
5368,239436
5242,022860
5386,733277
5371,912960
5422,528487
5585,353141
5528,202425
5416,545310
5401,896606
5241,983502
5143,904742
4930,934666
5147,138176
5171,714568
4989,337154
4770,193626
4548,297901
4246,341088
4337,456998
4746,887511
4888,120039
5011,000372
5171,749442
5216,841860
5234,477800
5298,972166
5301,331973
5455,376763
5594,835731
5671,618680
5634,459937
5346,286768
5050,731329
4886,515645
4762,519869
4429,990137
4383,497921
4315,786661
4076,926684
4114,430809
3960,363085
4005,855715
4170,558212
4313,022331
4363,153277
4497,975187
4769,756028
4936,802622
5058,500845
5139,942764
5230,480062
5313,075794
5454,299365
5485,768727
5376,948914
5085,876884
5063,925433
4929,427571
4866,943491
4778,870539
4752,278254
4090,434014
4230,254907
4374,481884
4330,089867
4336,899280
4318,083713
4331,494366
4323,641789
4446,379147
4443,854458
4508,658593
4495,901957
4544,443893
4544,334303
4466,172945
4520,507759
4699,395892
4568,662871
4366,858674
4217,364905
4445,356344
4350,416849
4142,678398
4304,974434
